{"name":"default-bundle","id":"","spritesheetFilter":"fx-","maxParticles":2000,"useBlendModes":true,"emitters":[{"id":0,"name":"starfield","type":0,"core":{"type":"circle","params":{"radius":10,"radial":true,"angle":6.28318530718,"uniform":false,"width":1000,"height":1000}},"spawnFrequencyMin":0.1,"spawnFrequencyMax":0.1,"maxParticles":1000,"spawnCountMin":3,"spawnCountMax":7,"duration":0,"infinite":true,"useGravity":false,"gravity":0,"useFloor":false,"floorY":700,"rotation":0,"autoRotation":0,"particleSettings":{"componentType":0,"componentId":"fx-spark01.png","componentParams":{"animationSpeedMin":0.1,"animationSpeedMax":0.5,"anchorX":0,"anchorY":0.5,"loop":false},"durationMin":1.5,"durationMax":2,"distanceMin":2000,"distanceMax":2000,"distanceEase":"linear","moveSpeedMin":0,"moveSpeedMax":0,"bounceFacMin":0,"bounceFacMax":0,"frictionMin":0,"frictionMax":0,"useMotion":true,"useRotation":false,"useAlpha":true,"useScale":true,"useTint":true,"useChilds":false,"useSpawns":false,"stopOnBounce":false,"align":false,"blendMode":1,"addOnTop":true,"rotationSpeedMin":0,"rotationSpeedMax":0,"randomRotationDirection":false,"randomStartRotation":false,"fadeIn":true,"fadeInDurationFac":0.1,"fadeInEase":"linear","alphaStartMin":0.7,"alphaStartMax":0.9,"alphaEndMin":0.7,"alphaEndMax":0.8,"alphaEase":"linear","tintStart":12552191,"tintEnd":7662847,"tintEase":"easeOutSine","scaleIn":false,"scaleInDurationFac":0.2,"scaleInEase":"linear","uniformScale":true,"scaleXStartMin":1,"scaleXStartMax":1,"scaleXEndMin":1,"scaleXEndMax":1,"scaleXEase":"linear","scaleYStartMin":1,"scaleYStartMax":1,"scaleYEndMin":1,"scaleYEndMax":1,"scaleYEase":"linear","scaleStartMin":0.25,"scaleStartMax":0.4,"scaleEndMin":0.3,"scaleEndMax":0.7,"scaleEase":"linear","childs":[],"spawn":{"onComplete":[],"onBounce":[],"onHalfway":[],"onStart":[]}},"childs":[{"type":0,"id":1,"scale":1,"adoptRotation":true,"containerId":""}]},{"id":1,"name":"starfield-sub","type":0,"core":{"type":"circle","params":{"radius":50,"radial":true,"angle":6.28318530718,"uniform":false,"width":1000,"height":1000}},"spawnFrequencyMin":0.1,"spawnFrequencyMax":0.5,"maxParticles":1000,"spawnCountMin":1,"spawnCountMax":3,"duration":0,"infinite":true,"useGravity":false,"gravity":0,"useFloor":false,"floorY":700,"rotation":0,"autoRotation":0,"particleSettings":{"componentType":0,"componentId":"fx-light02.png","componentParams":{"animationSpeedMin":0.1,"animationSpeedMax":0.5,"anchorX":0,"anchorY":0.5,"loop":false},"durationMin":1.5,"durationMax":2,"distanceMin":2000,"distanceMax":2000,"distanceEase":"linear","moveSpeedMin":0,"moveSpeedMax":0,"bounceFacMin":0,"bounceFacMax":0,"frictionMin":0,"frictionMax":0,"useMotion":true,"useRotation":false,"useAlpha":true,"useScale":true,"useTint":true,"useChilds":false,"useSpawns":false,"stopOnBounce":false,"align":false,"blendMode":1,"addOnTop":true,"rotationSpeedMin":0,"rotationSpeedMax":0,"randomRotationDirection":false,"randomStartRotation":false,"fadeIn":true,"fadeInDurationFac":0.1,"fadeInEase":"linear","alphaStartMin":0.8,"alphaStartMax":0.9,"alphaEndMin":1,"alphaEndMax":0.8,"alphaEase":"linear","tintStart":1493503,"tintEnd":2424816,"tintEase":"easeOutSine","scaleIn":false,"scaleInDurationFac":0.2,"scaleInEase":"linear","uniformScale":false,"scaleXStartMin":0.2,"scaleXStartMax":0.2,"scaleXEndMin":1.3,"scaleXEndMax":2,"scaleXEase":"linear","scaleYStartMin":0.1,"scaleYStartMax":0.2,"scaleYEndMin":0.3,"scaleYEndMax":0.2,"scaleYEase":"linear","scaleStartMin":0.35,"scaleStartMax":0.2,"scaleEndMin":0.2,"scaleEndMax":0.6,"scaleEase":"linear","childs":[],"spawn":{"onComplete":[],"onBounce":[],"onHalfway":[],"onStart":[]}},"childs":[]},{"id":2,"name":"side-rain","type":0,"core":{"type":"box","params":{"radius":100,"radial":false,"angle":6.28318530718,"uniform":false,"width":10,"height":1000}},"spawnFrequencyMin":0.04,"spawnFrequencyMax":0.1,"maxParticles":1000,"spawnCountMin":4,"spawnCountMax":9,"duration":0,"infinite":true,"useGravity":true,"gravity":0.11,"useFloor":true,"floorY":700,"rotation":1.4835298641951802,"autoRotation":0,"particleSettings":{"componentType":0,"componentId":"fx-rain01.png","componentParams":{"animationSpeedMin":0.1,"animationSpeedMax":0.5,"anchorX":0.9,"anchorY":0.5,"loop":false},"durationMin":1,"durationMax":2,"distanceMin":0,"distanceMax":0,"distanceEase":"easeOutSine","moveSpeedMin":20,"moveSpeedMax":40,"bounceFacMin":0.1,"bounceFacMax":0.1,"frictionMin":0,"frictionMax":0,"useMotion":true,"useRotation":false,"useAlpha":true,"useScale":true,"useTint":false,"useChilds":false,"useSpawns":true,"stopOnBounce":true,"align":false,"blendMode":0,"addOnTop":true,"rotationSpeedMin":0,"rotationSpeedMax":0,"randomRotationDirection":false,"randomStartRotation":false,"fadeIn":true,"fadeInDurationFac":0.1,"fadeInEase":"linear","alphaStartMin":1,"alphaStartMax":1,"alphaEndMin":1,"alphaEndMax":1,"alphaEase":"linear","tintStart":16777215,"tintEnd":16777215,"tintEase":"easeOutSine","scaleIn":false,"scaleInDurationFac":0.2,"scaleInEase":"linear","uniformScale":false,"scaleXStartMin":1,"scaleXStartMax":1.2,"scaleXEndMin":2,"scaleXEndMax":3,"scaleXEase":"linear","scaleYStartMin":0.3,"scaleYStartMax":0.35,"scaleYEndMin":0.35,"scaleYEndMax":0.35,"scaleYEase":"linear","scaleStartMin":1,"scaleStartMax":1,"scaleEndMin":1,"scaleEndMax":1,"scaleEase":"easeOutSine","childs":[],"spawn":{"onComplete":[{"type":0,"id":3,"scale":1,"adoptRotation":true,"containerId":""},{"type":0,"id":4,"scale":1,"adoptRotation":true,"containerId":""}],"onBounce":[],"onHalfway":[],"onStart":[]}},"childs":[]},{"id":3,"name":"side-rain-sub1","type":0,"core":{"type":"circle","params":{"radius":20,"radial":true,"angle":1.5707963267948966,"uniform":false,"width":100,"height":100}},"spawnFrequencyMin":0.1,"spawnFrequencyMax":0.1,"maxParticles":1000,"spawnCountMin":1,"spawnCountMax":4,"duration":0,"infinite":false,"useGravity":true,"gravity":0.6,"useFloor":true,"floorY":700,"rotation":-3.141592653589793,"autoRotation":0,"particleSettings":{"componentType":0,"componentId":"fx-rain01.png","componentParams":{"animationSpeedMin":0.1,"animationSpeedMax":0.5,"anchorX":0.4,"anchorY":0.5,"loop":false},"durationMin":0.8,"durationMax":1.6,"distanceMin":0,"distanceMax":0,"distanceEase":"easeOutSine","moveSpeedMin":5,"moveSpeedMax":10,"bounceFacMin":0,"bounceFacMax":0,"frictionMin":0,"frictionMax":0,"useMotion":true,"useRotation":false,"useAlpha":true,"useScale":true,"useTint":false,"useChilds":false,"useSpawns":false,"stopOnBounce":true,"align":true,"blendMode":0,"addOnTop":true,"rotationSpeedMin":0,"rotationSpeedMax":0,"randomRotationDirection":false,"randomStartRotation":false,"fadeIn":false,"fadeInDurationFac":0.1,"fadeInEase":"linear","alphaStartMin":1,"alphaStartMax":1,"alphaEndMin":0.8,"alphaEndMax":0.8,"alphaEase":"linear","tintStart":16777215,"tintEnd":16777215,"tintEase":"easeOutSine","scaleIn":false,"scaleInDurationFac":0.1,"scaleInEase":"linear","uniformScale":false,"scaleXStartMin":0.2,"scaleXStartMax":0.3,"scaleXEndMin":0.5,"scaleXEndMax":0.6,"scaleXEase":"linear","scaleYStartMin":0.1,"scaleYStartMax":0.15,"scaleYEndMin":0.4,"scaleYEndMax":0.41,"scaleYEase":"linear","scaleStartMin":1,"scaleStartMax":1,"scaleEndMin":1,"scaleEndMax":1,"scaleEase":"easeOutSine","childs":[],"spawn":{"onComplete":[],"onBounce":[],"onHalfway":[],"onStart":[]}},"childs":[]},{"id":4,"name":"side-rain-sub2","type":0,"core":{"type":"box","params":{"radius":100,"radial":false,"angle":6.28318530718,"uniform":false,"width":2,"height":2}},"spawnFrequencyMin":0.1,"spawnFrequencyMax":0.1,"maxParticles":1000,"spawnCountMin":1,"spawnCountMax":1,"duration":0,"infinite":false,"useGravity":false,"gravity":0,"useFloor":false,"floorY":0,"rotation":-3.141592653589793,"autoRotation":0,"particleSettings":{"componentType":0,"componentId":"fx-light03.png","componentParams":{"animationSpeedMin":0.1,"animationSpeedMax":0.5,"anchorX":0.2,"anchorY":0.5,"loop":false},"durationMin":0.15,"durationMax":0.2,"distanceMin":0,"distanceMax":0,"distanceEase":"easeOutSine","moveSpeedMin":0,"moveSpeedMax":0,"bounceFacMin":0,"bounceFacMax":0,"frictionMin":0,"frictionMax":0,"useMotion":false,"useRotation":false,"useAlpha":true,"useScale":true,"useTint":false,"useChilds":false,"useSpawns":false,"stopOnBounce":false,"align":false,"blendMode":0,"addOnTop":true,"rotationSpeedMin":0,"rotationSpeedMax":0,"randomRotationDirection":false,"randomStartRotation":false,"fadeIn":false,"fadeInDurationFac":0.2,"fadeInEase":"linear","alphaStartMin":0.1,"alphaStartMax":0.2,"alphaEndMin":0,"alphaEndMax":0,"alphaEase":"linear","tintStart":16777215,"tintEnd":16777215,"tintEase":"easeOutSine","scaleIn":false,"scaleInDurationFac":0.2,"scaleInEase":"linear","uniformScale":false,"scaleXStartMin":0.3,"scaleXStartMax":0.2,"scaleXEndMin":0.7,"scaleXEndMax":0.9,"scaleXEase":"linear","scaleYStartMin":0.4,"scaleYStartMax":0.2,"scaleYEndMin":1.3,"scaleYEndMax":1.6,"scaleYEase":"linear","scaleStartMin":0.1,"scaleStartMax":0.2,"scaleEndMin":0.25,"scaleEndMax":0.3,"scaleEase":"easeOutSine","childs":[],"spawn":{"onComplete":[],"onBounce":[],"onHalfway":[],"onStart":[]}},"childs":[]},{"id":5,"name":"side-blood-slash","type":0,"core":{"type":"circle","params":{"radius":20,"radial":true,"angle":0.4363323129985824,"uniform":false,"width":100,"height":10}},"spawnFrequencyMin":0.1,"spawnFrequencyMax":0.1,"maxParticles":1000,"spawnCountMin":3,"spawnCountMax":5,"duration":0,"infinite":false,"useGravity":false,"gravity":0,"useFloor":false,"floorY":0,"rotation":0,"autoRotation":0,"particleSettings":{"componentType":0,"componentId":"fx-blood10.png","componentParams":{"animationSpeedMin":0.1,"animationSpeedMax":0.5,"anchorX":0.7,"anchorY":0.5,"loop":false},"durationMin":0.15,"durationMax":0.35,"distanceMin":-30,"distanceMax":-120,"distanceEase":"easeOutSine","moveSpeedMin":0,"moveSpeedMax":0,"bounceFacMin":0,"bounceFacMax":0,"frictionMin":0,"frictionMax":0,"useMotion":true,"useRotation":false,"useAlpha":true,"useScale":true,"useTint":true,"useChilds":false,"useSpawns":true,"stopOnBounce":false,"align":false,"blendMode":0,"addOnTop":true,"rotationSpeedMin":0,"rotationSpeedMax":0.003490658503988659,"randomRotationDirection":false,"randomStartRotation":false,"fadeIn":false,"fadeInDurationFac":0.2,"fadeInEase":"linear","alphaStartMin":1,"alphaStartMax":1,"alphaEndMin":0,"alphaEndMax":0,"alphaEase":"linear","tintStart":16737075,"tintEnd":16711680,"tintEase":"easeOutSine","scaleIn":true,"scaleInDurationFac":0.3,"scaleInEase":"easeInCubic","uniformScale":false,"scaleXStartMin":0.5,"scaleXStartMax":0.5,"scaleXEndMin":0.8,"scaleXEndMax":1.9,"scaleXEase":"linear","scaleYStartMin":1,"scaleYStartMax":1,"scaleYEndMin":1,"scaleYEndMax":1,"scaleYEase":"linear","scaleStartMin":1,"scaleStartMax":1,"scaleEndMin":1,"scaleEndMax":1,"scaleEase":"easeOutSine","childs":[],"spawn":{"onComplete":[],"onBounce":[],"onHalfway":[],"onStart":[{"type":0,"id":6,"scale":1,"adoptRotation":true,"containerId":""}]}},"childs":[]},{"id":6,"name":"side-blood-slash1-sub","type":0,"core":{"type":"circle","params":{"radius":30,"radial":true,"angle":1.0471975511965976,"uniform":false,"width":100,"height":10}},"spawnFrequencyMin":0.1,"spawnFrequencyMax":0.1,"maxParticles":1000,"spawnCountMin":6,"spawnCountMax":9,"duration":0,"infinite":false,"useGravity":true,"gravity":0.09,"useFloor":false,"floorY":0,"rotation":-3.141592653589793,"autoRotation":0,"particleSettings":{"componentType":0,"componentId":"fx-blood06.png","componentParams":{"animationSpeedMin":0.1,"animationSpeedMax":0.5,"anchorX":0.5,"anchorY":0.5,"loop":false},"durationMin":0.2,"durationMax":0.8,"distanceMin":-30,"distanceMax":-120,"distanceEase":"easeOutSine","moveSpeedMin":2,"moveSpeedMax":5,"bounceFacMin":0,"bounceFacMax":0,"frictionMin":0,"frictionMax":0,"useMotion":true,"useRotation":true,"useAlpha":true,"useScale":true,"useTint":true,"useChilds":false,"useSpawns":false,"stopOnBounce":false,"align":false,"blendMode":0,"addOnTop":true,"rotationSpeedMin":0,"rotationSpeedMax":0.003490658503988659,"randomRotationDirection":false,"randomStartRotation":true,"fadeIn":true,"fadeInDurationFac":0.1,"fadeInEase":"linear","alphaStartMin":0.7,"alphaStartMax":1,"alphaEndMin":0,"alphaEndMax":0,"alphaEase":"linear","tintStart":16737075,"tintEnd":16711680,"tintEase":"easeOutSine","scaleIn":false,"scaleInDurationFac":0.3,"scaleInEase":"easeInCubic","uniformScale":true,"scaleXStartMin":0.5,"scaleXStartMax":0.5,"scaleXEndMin":0.8,"scaleXEndMax":1.9,"scaleXEase":"linear","scaleYStartMin":1,"scaleYStartMax":1,"scaleYEndMin":1,"scaleYEndMax":1,"scaleYEase":"linear","scaleStartMin":0.2,"scaleStartMax":0.3,"scaleEndMin":0.3,"scaleEndMax":1.5,"scaleEase":"easeOutSine","childs":[],"spawn":{"onComplete":[],"onBounce":[],"onHalfway":[],"onStart":[]}},"childs":[]},{"id":9,"name":"side-torch","type":0,"core":{"type":"circle","params":{"radius":20,"radial":false,"angle":0,"uniform":false,"width":100,"height":100}},"spawnFrequencyMin":0.1,"spawnFrequencyMax":0.1,"maxParticles":1000,"spawnCountMin":3,"spawnCountMax":5,"duration":0,"infinite":true,"useGravity":false,"gravity":0,"useFloor":false,"floorY":0,"rotation":-1.5707963267948966,"autoRotation":0,"particleSettings":{"componentType":0,"componentId":"fx-light01.png","componentParams":{"animationSpeedMin":0.1,"animationSpeedMax":0.5,"anchorX":0.3,"anchorY":0.5,"loop":false},"durationMin":0.9,"durationMax":1.3,"distanceMin":100,"distanceMax":200,"distanceEase":"easeOutQuint","moveSpeedMin":0,"moveSpeedMax":0,"bounceFacMin":0,"bounceFacMax":0,"frictionMin":0,"frictionMax":0,"useMotion":true,"useRotation":true,"useAlpha":true,"useScale":true,"useTint":true,"useChilds":false,"useSpawns":false,"stopOnBounce":false,"align":false,"blendMode":1,"addOnTop":true,"rotationSpeedMin":0,"rotationSpeedMax":0,"randomRotationDirection":false,"randomStartRotation":false,"fadeIn":true,"fadeInDurationFac":0.1,"fadeInEase":"linear","alphaStartMin":1,"alphaStartMax":1,"alphaEndMin":0,"alphaEndMax":0,"alphaEase":"linear","tintStart":16763479,"tintEnd":12855040,"tintEase":"easeOutSine","scaleIn":false,"scaleInDurationFac":0.1,"scaleInEase":"easeOutCubic","uniformScale":false,"scaleXStartMin":0.2,"scaleXStartMax":0.5,"scaleXEndMin":0.1,"scaleXEndMax":0.2,"scaleXEase":"linear","scaleYStartMin":0.1,"scaleYStartMax":0.3,"scaleYEndMin":0,"scaleYEndMax":0,"scaleYEase":"linear","scaleStartMin":0.5,"scaleStartMax":0.2,"scaleEndMin":0,"scaleEndMax":0,"scaleEase":"linear","childs":[],"spawn":{"onComplete":[],"onBounce":[],"onHalfway":[],"onStart":[]}},"childs":[{"type":0,"id":13,"scale":1,"adoptRotation":true,"containerId":""},{"type":0,"id":12,"scale":1,"adoptRotation":true,"containerId":""},{"type":0,"id":10,"scale":1,"adoptRotation":true,"containerId":""}]},{"id":10,"name":"side-torch-sub1","type":0,"core":{"type":"circle","params":{"radius":10,"radial":false,"angle":6.28318530718,"uniform":false,"width":1,"height":1}},"spawnFrequencyMin":0.1,"spawnFrequencyMax":0.1,"maxParticles":1000,"spawnCountMin":1,"spawnCountMax":1,"duration":0,"infinite":true,"useGravity":false,"gravity":0,"useFloor":false,"floorY":0,"rotation":0,"autoRotation":0,"particleSettings":{"componentType":0,"componentId":"fx-light01.png","componentParams":{"animationSpeedMin":0.1,"animationSpeedMax":0.5,"anchorX":0.3,"anchorY":0.5,"loop":false},"durationMin":0.1,"durationMax":0.2,"distanceMin":0,"distanceMax":0,"distanceEase":"easeOutSine","moveSpeedMin":0,"moveSpeedMax":0,"bounceFacMin":0,"bounceFacMax":0,"frictionMin":0,"frictionMax":0,"useMotion":false,"useRotation":false,"useAlpha":true,"useScale":true,"useTint":true,"useChilds":false,"useSpawns":false,"stopOnBounce":false,"align":false,"blendMode":1,"addOnTop":true,"rotationSpeedMin":0,"rotationSpeedMax":0,"randomRotationDirection":false,"randomStartRotation":false,"fadeIn":false,"fadeInDurationFac":0.2,"fadeInEase":"linear","alphaStartMin":0.1,"alphaStartMax":0.1,"alphaEndMin":0,"alphaEndMax":0.1,"alphaEase":"linear","tintStart":16776602,"tintEnd":16545817,"tintEase":"easeOutSine","scaleIn":false,"scaleInDurationFac":0.2,"scaleInEase":"linear","uniformScale":false,"scaleXStartMin":1,"scaleXStartMax":1,"scaleXEndMin":1,"scaleXEndMax":1,"scaleXEase":"linear","scaleYStartMin":0.6,"scaleYStartMax":0.7,"scaleYEndMin":1,"scaleYEndMax":0.9,"scaleYEase":"linear","scaleStartMin":0.7,"scaleStartMax":0.9,"scaleEndMin":1,"scaleEndMax":1,"scaleEase":"easeOutSine","childs":[],"spawn":{"onComplete":[],"onBounce":[],"onHalfway":[],"onStart":[]}},"childs":[]},{"id":12,"name":"side-torch-sub2","type":0,"core":{"type":"circle","params":{"radius":40,"radial":true,"angle":0.5235987755982988,"uniform":false,"width":100,"height":100}},"spawnFrequencyMin":0.1,"spawnFrequencyMax":0.1,"maxParticles":1000,"spawnCountMin":1,"spawnCountMax":2,"duration":0,"infinite":true,"useGravity":false,"gravity":0,"useFloor":false,"floorY":0,"rotation":0,"autoRotation":0,"particleSettings":{"componentType":0,"componentId":"fx-flame02.png","componentParams":{"animationSpeedMin":0.1,"animationSpeedMax":0.5,"anchorX":0.3,"anchorY":0.5,"loop":false},"durationMin":0.9,"durationMax":1.3,"distanceMin":200,"distanceMax":300,"distanceEase":"easeOutQuint","moveSpeedMin":0,"moveSpeedMax":0,"bounceFacMin":0,"bounceFacMax":0,"frictionMin":0,"frictionMax":0,"useMotion":true,"useRotation":true,"useAlpha":true,"useScale":true,"useTint":true,"useChilds":true,"useSpawns":false,"stopOnBounce":false,"align":false,"blendMode":1,"addOnTop":true,"rotationSpeedMin":0,"rotationSpeedMax":0,"randomRotationDirection":false,"randomStartRotation":false,"fadeIn":true,"fadeInDurationFac":0.2,"fadeInEase":"linear","alphaStartMin":0.8,"alphaStartMax":1,"alphaEndMin":0,"alphaEndMax":0,"alphaEase":"linear","tintStart":16763479,"tintEnd":12855040,"tintEase":"easeOutSine","scaleIn":false,"scaleInDurationFac":0.1,"scaleInEase":"easeOutCubic","uniformScale":true,"scaleXStartMin":0.2,"scaleXStartMax":0.5,"scaleXEndMin":0.1,"scaleXEndMax":0.2,"scaleXEase":"linear","scaleYStartMin":0.1,"scaleYStartMax":0.3,"scaleYEndMin":0,"scaleYEndMax":0,"scaleYEase":"linear","scaleStartMin":0.05,"scaleStartMax":0.15,"scaleEndMin":0,"scaleEndMax":0,"scaleEase":"linear","childs":[],"spawn":{"onComplete":[],"onBounce":[],"onHalfway":[],"onStart":[]}},"childs":[]},{"id":13,"name":"side-torch-sub3","type":0,"core":{"type":"circle","params":{"radius":20,"radial":false,"angle":0,"uniform":false,"width":100,"height":100}},"spawnFrequencyMin":0.1,"spawnFrequencyMax":0.1,"maxParticles":1000,"spawnCountMin":2,"spawnCountMax":4,"duration":0,"infinite":true,"useGravity":false,"gravity":0,"useFloor":false,"floorY":0,"rotation":0,"autoRotation":0,"particleSettings":{"componentType":0,"componentId":"mc_fx-explo_0019.png","componentParams":{"animationSpeedMin":0.1,"animationSpeedMax":0.5,"anchorX":0.3,"anchorY":0.5,"loop":false},"durationMin":2,"durationMax":3.7,"distanceMin":200,"distanceMax":450,"distanceEase":"easeOutQuint","moveSpeedMin":0,"moveSpeedMax":0,"bounceFacMin":0,"bounceFacMax":0,"frictionMin":0,"frictionMax":0,"useMotion":true,"useRotation":true,"useAlpha":true,"useScale":true,"useTint":true,"useChilds":true,"useSpawns":false,"stopOnBounce":false,"align":false,"blendMode":0,"addOnTop":true,"rotationSpeedMin":0.0017453292519943296,"rotationSpeedMax":0.008726646259971648,"randomRotationDirection":false,"randomStartRotation":true,"fadeIn":true,"fadeInDurationFac":0.2,"fadeInEase":"linear","alphaStartMin":0.3,"alphaStartMax":0.5,"alphaEndMin":0,"alphaEndMax":0,"alphaEase":"linear","tintStart":3421236,"tintEnd":5658198,"tintEase":"easeOutSine","scaleIn":false,"scaleInDurationFac":0.1,"scaleInEase":"easeOutCubic","uniformScale":true,"scaleXStartMin":0.2,"scaleXStartMax":0.5,"scaleXEndMin":0.1,"scaleXEndMax":0.2,"scaleXEase":"linear","scaleYStartMin":0.1,"scaleYStartMax":0.3,"scaleYEndMin":0,"scaleYEndMax":0,"scaleYEase":"linear","scaleStartMin":0.4,"scaleStartMax":0.9,"scaleEndMin":0,"scaleEndMax":0,"scaleEase":"linear","childs":[],"spawn":{"onComplete":[],"onBounce":[],"onHalfway":[],"onStart":[]}},"childs":[]},{"id":16,"name":"side-blood-explosion","type":0,"core":{"type":"circle","params":{"radius":40,"radial":true,"angle":1.5707963267948966,"uniform":false,"width":100,"height":10}},"spawnFrequencyMin":0.1,"spawnFrequencyMax":0.1,"maxParticles":1000,"spawnCountMin":3,"spawnCountMax":5,"duration":0,"infinite":false,"useGravity":false,"gravity":0,"useFloor":false,"floorY":0,"rotation":-1.5707963267948966,"autoRotation":0,"particleSettings":{"componentType":0,"componentId":"fx-cloud01.png","componentParams":{"animationSpeedMin":0.1,"animationSpeedMax":0.5,"anchorX":0.7,"anchorY":0.5,"loop":false},"durationMin":0.15,"durationMax":0.3,"distanceMin":30,"distanceMax":180,"distanceEase":"easeOutSine","moveSpeedMin":0,"moveSpeedMax":0,"bounceFacMin":0,"bounceFacMax":0,"frictionMin":0,"frictionMax":0,"useMotion":true,"useRotation":false,"useAlpha":true,"useScale":true,"useTint":true,"useChilds":false,"useSpawns":true,"stopOnBounce":false,"align":false,"blendMode":0,"addOnTop":true,"rotationSpeedMin":0,"rotationSpeedMax":0.003490658503988659,"randomRotationDirection":false,"randomStartRotation":false,"fadeIn":false,"fadeInDurationFac":0.2,"fadeInEase":"linear","alphaStartMin":0.4,"alphaStartMax":0.6,"alphaEndMin":0,"alphaEndMax":0,"alphaEase":"linear","tintStart":15867904,"tintEnd":12451840,"tintEase":"easeOutSine","scaleIn":true,"scaleInDurationFac":0.4,"scaleInEase":"easeOutCubic","uniformScale":true,"scaleXStartMin":0.5,"scaleXStartMax":0.5,"scaleXEndMin":0.8,"scaleXEndMax":1.9,"scaleXEase":"linear","scaleYStartMin":1,"scaleYStartMax":1,"scaleYEndMin":1,"scaleYEndMax":1,"scaleYEase":"linear","scaleStartMin":0.7,"scaleStartMax":1.5,"scaleEndMin":2,"scaleEndMax":2.5,"scaleEase":"easeInSine","childs":[],"spawn":{"onComplete":[],"onBounce":[],"onHalfway":[],"onStart":[{"type":0,"id":17,"scale":1,"adoptRotation":false,"containerId":""},{"type":0,"id":18,"scale":1,"adoptRotation":false,"containerId":""}]}},"childs":[]},{"id":17,"name":"side-blood-explosion-sub1","type":0,"core":{"type":"circle","params":{"radius":30,"radial":true,"angle":2.0943951023931953,"uniform":false,"width":100,"height":10}},"spawnFrequencyMin":0.1,"spawnFrequencyMax":0.1,"maxParticles":1000,"spawnCountMin":4,"spawnCountMax":6,"duration":0,"infinite":false,"useGravity":true,"gravity":0.5,"useFloor":false,"floorY":0,"rotation":-1.5707963267948966,"autoRotation":0,"particleSettings":{"componentType":0,"componentId":"fx-blood06.png","componentParams":{"animationSpeedMin":0.1,"animationSpeedMax":0.5,"anchorX":0.5,"anchorY":0.5,"loop":false},"durationMin":0.4,"durationMax":1,"distanceMin":-30,"distanceMax":-120,"distanceEase":"easeOutSine","moveSpeedMin":5,"moveSpeedMax":10,"bounceFacMin":0,"bounceFacMax":0,"frictionMin":0,"frictionMax":0,"useMotion":true,"useRotation":true,"useAlpha":true,"useScale":true,"useTint":true,"useChilds":false,"useSpawns":false,"stopOnBounce":false,"align":false,"blendMode":0,"addOnTop":true,"rotationSpeedMin":0.017453292519943295,"rotationSpeedMax":0.05235987755982988,"randomRotationDirection":true,"randomStartRotation":true,"fadeIn":false,"fadeInDurationFac":0.1,"fadeInEase":"linear","alphaStartMin":0.7,"alphaStartMax":1,"alphaEndMin":0,"alphaEndMax":0,"alphaEase":"linear","tintStart":15075072,"tintEnd":7340032,"tintEase":"easeOutSine","scaleIn":false,"scaleInDurationFac":0.3,"scaleInEase":"easeInCubic","uniformScale":true,"scaleXStartMin":0.5,"scaleXStartMax":0.5,"scaleXEndMin":0.8,"scaleXEndMax":1.9,"scaleXEase":"linear","scaleYStartMin":1,"scaleYStartMax":1,"scaleYEndMin":1,"scaleYEndMax":1,"scaleYEase":"linear","scaleStartMin":2,"scaleStartMax":3,"scaleEndMin":0,"scaleEndMax":0,"scaleEase":"easeOutSine","childs":[],"spawn":{"onComplete":[],"onBounce":[],"onHalfway":[],"onStart":[]}},"childs":[]},{"id":18,"name":"side-blood-explosion-sub2","type":0,"core":{"type":"circle","params":{"radius":50,"radial":true,"angle":1.3962634015954636,"uniform":false,"width":100,"height":10}},"spawnFrequencyMin":0.1,"spawnFrequencyMax":0.1,"maxParticles":1000,"spawnCountMin":4,"spawnCountMax":6,"duration":0.2,"infinite":false,"useGravity":true,"gravity":1.09,"useFloor":false,"floorY":0,"rotation":-1.5707963267948966,"autoRotation":0,"particleSettings":{"componentType":0,"componentId":"fx-blood06.png","componentParams":{"animationSpeedMin":0.1,"animationSpeedMax":0.5,"anchorX":0.5,"anchorY":0.5,"loop":false},"durationMin":1,"durationMax":1.5,"distanceMin":-30,"distanceMax":-120,"distanceEase":"easeOutSine","moveSpeedMin":10,"moveSpeedMax":20,"bounceFacMin":0,"bounceFacMax":0,"frictionMin":0,"frictionMax":0,"useMotion":true,"useRotation":true,"useAlpha":true,"useScale":true,"useTint":true,"useChilds":false,"useSpawns":false,"stopOnBounce":false,"align":false,"blendMode":0,"addOnTop":true,"rotationSpeedMin":0.03490658503988659,"rotationSpeedMax":0.08726646259971647,"randomRotationDirection":true,"randomStartRotation":true,"fadeIn":false,"fadeInDurationFac":0.1,"fadeInEase":"linear","alphaStartMin":0.7,"alphaStartMax":1,"alphaEndMin":0,"alphaEndMax":0,"alphaEase":"linear","tintStart":13565952,"tintEnd":11730944,"tintEase":"easeOutSine","scaleIn":false,"scaleInDurationFac":0.3,"scaleInEase":"easeInCubic","uniformScale":true,"scaleXStartMin":0.5,"scaleXStartMax":0.5,"scaleXEndMin":0.8,"scaleXEndMax":1.9,"scaleXEase":"linear","scaleYStartMin":1,"scaleYStartMax":1,"scaleYEndMin":1,"scaleYEndMax":1,"scaleYEase":"linear","scaleStartMin":0.3,"scaleStartMax":0.7,"scaleEndMin":0,"scaleEndMax":0,"scaleEase":"easeOutSine","childs":[],"spawn":{"onComplete":[],"onBounce":[],"onHalfway":[],"onStart":[]}},"childs":[]},{"id":19,"name":"side-teleporter-field","type":0,"core":{"type":"box","params":{"radius":100,"radial":false,"angle":6.28318530718,"uniform":false,"width":200,"height":60}},"spawnFrequencyMin":0.1,"spawnFrequencyMax":0.1,"maxParticles":1000,"spawnCountMin":1,"spawnCountMax":1,"duration":0,"infinite":true,"useGravity":false,"gravity":0,"useFloor":false,"floorY":0,"rotation":-1.5707963267948966,"autoRotation":0,"particleSettings":{"componentType":0,"componentId":"fx-light10.png","componentParams":{"animationSpeedMin":0.1,"animationSpeedMax":0.5,"anchorX":0.4,"anchorY":0.5,"loop":false},"durationMin":0.3,"durationMax":2,"distanceMin":0,"distanceMax":10,"distanceEase":"easeOutSine","moveSpeedMin":0,"moveSpeedMax":0,"bounceFacMin":0,"bounceFacMax":0,"frictionMin":0,"frictionMax":0,"useMotion":true,"useRotation":false,"useAlpha":true,"useScale":true,"useTint":true,"useChilds":false,"useSpawns":false,"stopOnBounce":false,"align":false,"blendMode":1,"addOnTop":true,"rotationSpeedMin":0,"rotationSpeedMax":0,"randomRotationDirection":false,"randomStartRotation":false,"fadeIn":true,"fadeInDurationFac":0.2,"fadeInEase":"linear","alphaStartMin":1,"alphaStartMax":1,"alphaEndMin":0,"alphaEndMax":0,"alphaEase":"linear","tintStart":1165525,"tintEnd":1357997,"tintEase":"easeOutSine","scaleIn":false,"scaleInDurationFac":0.2,"scaleInEase":"linear","uniformScale":false,"scaleXStartMin":0.4,"scaleXStartMax":0.5,"scaleXEndMin":1.2,"scaleXEndMax":1.5,"scaleXEase":"linear","scaleYStartMin":0.5,"scaleYStartMax":0.6,"scaleYEndMin":0.5,"scaleYEndMax":0.8,"scaleYEase":"linear","scaleStartMin":1,"scaleStartMax":1,"scaleEndMin":1,"scaleEndMax":1,"scaleEase":"easeOutSine","childs":[],"spawn":{"onComplete":[],"onBounce":[],"onHalfway":[],"onStart":[]}},"childs":[{"type":0,"id":20,"scale":1,"containerId":"","adoptRotation":false}]},{"id":20,"name":"side-teleporter-field-sub1","type":0,"core":{"type":"box","params":{"radius":100,"radial":false,"angle":6.28318530718,"uniform":false,"width":200,"height":50}},"spawnFrequencyMin":0.11,"spawnFrequencyMax":0.2,"maxParticles":1000,"spawnCountMin":1,"spawnCountMax":3,"duration":0,"infinite":true,"useGravity":false,"gravity":0,"useFloor":false,"floorY":0,"rotation":-1.5707963267948966,"autoRotation":0,"particleSettings":{"componentType":0,"componentId":"fx-spark01.png","componentParams":{"animationSpeedMin":0.1,"animationSpeedMax":0.5,"anchorX":0.4,"anchorY":0.5,"loop":false},"durationMin":0.3,"durationMax":2,"distanceMin":0,"distanceMax":10,"distanceEase":"easeOutSine","moveSpeedMin":0,"moveSpeedMax":0,"bounceFacMin":0,"bounceFacMax":0,"frictionMin":0,"frictionMax":0,"useMotion":true,"useRotation":false,"useAlpha":true,"useScale":true,"useTint":true,"useChilds":false,"useSpawns":false,"stopOnBounce":false,"align":false,"blendMode":1,"addOnTop":false,"rotationSpeedMin":0,"rotationSpeedMax":0,"randomRotationDirection":false,"randomStartRotation":false,"fadeIn":true,"fadeInDurationFac":0.2,"fadeInEase":"linear","alphaStartMin":1,"alphaStartMax":1,"alphaEndMin":0,"alphaEndMax":0,"alphaEase":"linear","tintStart":3469013,"tintEnd":11993065,"tintEase":"easeOutSine","scaleIn":false,"scaleInDurationFac":0.2,"scaleInEase":"linear","uniformScale":false,"scaleXStartMin":0.5,"scaleXStartMax":0.6,"scaleXEndMin":1.5,"scaleXEndMax":3,"scaleXEase":"linear","scaleYStartMin":0.5,"scaleYStartMax":0.6,"scaleYEndMin":0.5,"scaleYEndMax":0.6,"scaleYEase":"linear","scaleStartMin":1,"scaleStartMax":1,"scaleEndMin":1,"scaleEndMax":1,"scaleEase":"easeOutSine","childs":[],"spawn":{"onComplete":[],"onBounce":[],"onHalfway":[],"onStart":[]}},"childs":[]},{"id":22,"name":"top-flamethrower","type":0,"core":{"type":"circle","params":{"radius":2,"radial":false,"angle":0,"uniform":false,"width":100,"height":100}},"spawnFrequencyMin":0.07,"spawnFrequencyMax":0.07,"maxParticles":1000,"spawnCountMin":4,"spawnCountMax":8,"duration":0,"infinite":true,"useGravity":false,"gravity":0,"useFloor":false,"floorY":0,"rotation":0,"autoRotation":0,"particleSettings":{"componentType":1,"componentId":"fx-explo2","componentParams":{"animationSpeedMin":0.1,"animationSpeedMax":0.5,"anchorX":0.5,"anchorY":0.5,"loop":false},"durationMin":2,"durationMax":3,"distanceMin":300,"distanceMax":600,"distanceEase":"easeOutQuint","moveSpeedMin":0,"moveSpeedMax":0,"bounceFacMin":0,"bounceFacMax":0,"frictionMin":0,"frictionMax":0,"useMotion":true,"useRotation":true,"useAlpha":true,"useScale":true,"useTint":true,"useChilds":false,"useSpawns":false,"stopOnBounce":false,"align":false,"blendMode":1,"addOnTop":true,"rotationSpeedMin":0.017453292519943295,"rotationSpeedMax":0.03490658503988659,"randomRotationDirection":true,"randomStartRotation":true,"fadeIn":true,"fadeInDurationFac":0.08,"fadeInEase":"linear","alphaStartMin":1,"alphaStartMax":1,"alphaEndMin":0,"alphaEndMax":0,"alphaEase":"linear","tintStart":16763479,"tintEnd":12855040,"tintEase":"easeOutSine","scaleIn":true,"scaleInDurationFac":0.2,"scaleInEase":"easeOutCubic","uniformScale":true,"scaleXStartMin":0.2,"scaleXStartMax":0.5,"scaleXEndMin":0.1,"scaleXEndMax":0.2,"scaleXEase":"linear","scaleYStartMin":0.1,"scaleYStartMax":0.3,"scaleYEndMin":0,"scaleYEndMax":0,"scaleYEase":"linear","scaleStartMin":0.5,"scaleStartMax":0.7,"scaleEndMin":0.9,"scaleEndMax":1,"scaleEase":"linear","childs":[],"spawn":{"onComplete":[],"onBounce":[],"onHalfway":[],"onStart":[]}},"childs":[{"type":0,"id":23,"scale":1,"containerId":"","adoptRotation":true}]},{"id":23,"name":"top-flamethrower-sub1","type":0,"core":{"type":"circle","params":{"radius":0,"radial":true,"angle":0.8726646259971648,"uniform":false,"width":100,"height":100}},"spawnFrequencyMin":0.1,"spawnFrequencyMax":0.1,"maxParticles":1000,"spawnCountMin":1,"spawnCountMax":2,"duration":0,"infinite":true,"useGravity":false,"gravity":0,"useFloor":false,"floorY":0,"rotation":0,"autoRotation":0,"particleSettings":{"componentType":0,"componentId":"fx-spark01.png","componentParams":{"animationSpeedMin":0.1,"animationSpeedMax":0.5,"anchorX":0.3,"anchorY":0.5,"loop":false},"durationMin":0.9,"durationMax":1.3,"distanceMin":200,"distanceMax":300,"distanceEase":"easeOutSine","moveSpeedMin":0,"moveSpeedMax":0,"bounceFacMin":0,"bounceFacMax":0,"frictionMin":0,"frictionMax":0,"useMotion":true,"useRotation":false,"useAlpha":true,"useScale":true,"useTint":true,"useChilds":true,"useSpawns":false,"stopOnBounce":false,"align":false,"blendMode":1,"addOnTop":true,"rotationSpeedMin":0,"rotationSpeedMax":0,"randomRotationDirection":false,"randomStartRotation":false,"fadeIn":false,"fadeInDurationFac":0.2,"fadeInEase":"linear","alphaStartMin":0.8,"alphaStartMax":1,"alphaEndMin":0,"alphaEndMax":0,"alphaEase":"linear","tintStart":15206151,"tintEnd":16775936,"tintEase":"easeOutSine","scaleIn":true,"scaleInDurationFac":0.1,"scaleInEase":"easeOutCubic","uniformScale":true,"scaleXStartMin":0.2,"scaleXStartMax":0.5,"scaleXEndMin":0.1,"scaleXEndMax":0.2,"scaleXEase":"linear","scaleYStartMin":0.1,"scaleYStartMax":0.3,"scaleYEndMin":0,"scaleYEndMax":0,"scaleYEase":"linear","scaleStartMin":0.1,"scaleStartMax":0.3,"scaleEndMin":0,"scaleEndMax":0,"scaleEase":"linear","childs":[],"spawn":{"onComplete":[],"onBounce":[],"onHalfway":[],"onStart":[]}},"childs":[]},{"id":24,"name":"side-flamethrower","type":0,"core":{"type":"circle","params":{"radius":2,"radial":false,"angle":0,"uniform":false,"width":100,"height":100}},"spawnFrequencyMin":0.07,"spawnFrequencyMax":0.07,"maxParticles":1000,"spawnCountMin":4,"spawnCountMax":8,"duration":0,"infinite":true,"useGravity":false,"gravity":0,"useFloor":false,"floorY":0,"rotation":0,"autoRotation":0,"particleSettings":{"componentType":1,"componentId":"fx-explo2","componentParams":{"animationSpeedMin":0.1,"animationSpeedMax":0.5,"anchorX":0.5,"anchorY":0.5,"loop":false},"durationMin":2,"durationMax":3,"distanceMin":300,"distanceMax":600,"distanceEase":"easeOutQuint","moveSpeedMin":10,"moveSpeedMax":20,"bounceFacMin":0,"bounceFacMax":0,"frictionMin":0,"frictionMax":0,"useMotion":true,"useRotation":true,"useAlpha":true,"useScale":true,"useTint":true,"useChilds":false,"useSpawns":true,"stopOnBounce":false,"align":false,"blendMode":1,"addOnTop":true,"rotationSpeedMin":0.017453292519943295,"rotationSpeedMax":0.03490658503988659,"randomRotationDirection":true,"randomStartRotation":true,"fadeIn":true,"fadeInDurationFac":0.1,"fadeInEase":"linear","alphaStartMin":1,"alphaStartMax":1,"alphaEndMin":0,"alphaEndMax":0,"alphaEase":"linear","tintStart":16763479,"tintEnd":16731392,"tintEase":"easeOutSine","scaleIn":true,"scaleInDurationFac":0.2,"scaleInEase":"easeOutCubic","uniformScale":true,"scaleXStartMin":0.2,"scaleXStartMax":0.5,"scaleXEndMin":0.1,"scaleXEndMax":0.2,"scaleXEase":"linear","scaleYStartMin":0.1,"scaleYStartMax":0.3,"scaleYEndMin":0,"scaleYEndMax":0,"scaleYEase":"linear","scaleStartMin":0.5,"scaleStartMax":0.7,"scaleEndMin":0.9,"scaleEndMax":1,"scaleEase":"linear","childs":[],"spawn":{"onComplete":[],"onBounce":[],"onHalfway":[],"onStart":[]}},"childs":[{"type":0,"id":25,"scale":1,"containerId":"","adoptRotation":true},{"type":0,"id":27,"scale":1,"containerId":"","adoptRotation":true}]},{"id":25,"name":"side-flamethrower-sub1","type":0,"core":{"type":"circle","params":{"radius":100,"radial":true,"angle":0.17453292519943295,"uniform":false,"width":100,"height":100}},"spawnFrequencyMin":0.1,"spawnFrequencyMax":0.1,"maxParticles":1000,"spawnCountMin":3,"spawnCountMax":4,"duration":0,"infinite":true,"useGravity":true,"gravity":0.1,"useFloor":false,"floorY":0,"rotation":0,"autoRotation":0,"particleSettings":{"componentType":1,"componentId":"fx-explo","componentParams":{"animationSpeedMin":0.1,"animationSpeedMax":0.5,"anchorX":0.3,"anchorY":0.5,"loop":false},"durationMin":0.5,"durationMax":0.8,"distanceMin":200,"distanceMax":300,"distanceEase":"easeOutSine","moveSpeedMin":2.9,"moveSpeedMax":5.7,"bounceFacMin":0,"bounceFacMax":0,"frictionMin":0,"frictionMax":0,"useMotion":true,"useRotation":true,"useAlpha":true,"useScale":true,"useTint":true,"useChilds":true,"useSpawns":true,"stopOnBounce":false,"align":false,"blendMode":1,"addOnTop":true,"rotationSpeedMin":0.03490658503988659,"rotationSpeedMax":0.05235987755982988,"randomRotationDirection":true,"randomStartRotation":true,"fadeIn":true,"fadeInDurationFac":0.3,"fadeInEase":"linear","alphaStartMin":1,"alphaStartMax":1,"alphaEndMin":0,"alphaEndMax":0,"alphaEase":"linear","tintStart":15001607,"tintEnd":16729088,"tintEase":"easeOutSine","scaleIn":true,"scaleInDurationFac":0.5,"scaleInEase":"linear","uniformScale":true,"scaleXStartMin":0.2,"scaleXStartMax":0.5,"scaleXEndMin":0.1,"scaleXEndMax":0.2,"scaleXEase":"linear","scaleYStartMin":0.1,"scaleYStartMax":0.3,"scaleYEndMin":0,"scaleYEndMax":0,"scaleYEase":"linear","scaleStartMin":0.6,"scaleStartMax":0.7,"scaleEndMin":0.3,"scaleEndMax":0.6,"scaleEase":"linear","childs":[],"spawn":{"onComplete":[],"onBounce":[],"onHalfway":[],"onStart":[]}},"childs":[]},{"id":27,"name":"side-flamethrower-sub2","type":0,"core":{"type":"circle","params":{"radius":100,"radial":true,"angle":0.17453292519943295,"uniform":false,"width":100,"height":100}},"spawnFrequencyMin":0.1,"spawnFrequencyMax":0.1,"maxParticles":1000,"spawnCountMin":3,"spawnCountMax":4,"duration":0,"infinite":true,"useGravity":true,"gravity":0.1,"useFloor":false,"floorY":0,"rotation":0,"autoRotation":0,"particleSettings":{"componentType":0,"componentId":"fx-dot.png","componentParams":{"animationSpeedMin":0.1,"animationSpeedMax":0.5,"anchorX":0.3,"anchorY":0.5,"loop":false},"durationMin":0.7,"durationMax":1.1,"distanceMin":200,"distanceMax":300,"distanceEase":"easeOutSine","moveSpeedMin":2,"moveSpeedMax":4,"bounceFacMin":0,"bounceFacMax":0,"frictionMin":0,"frictionMax":0,"useMotion":true,"useRotation":false,"useAlpha":true,"useScale":true,"useTint":true,"useChilds":true,"useSpawns":true,"stopOnBounce":false,"align":false,"blendMode":1,"addOnTop":true,"rotationSpeedMin":0.03490658503988659,"rotationSpeedMax":0.05235987755982988,"randomRotationDirection":true,"randomStartRotation":true,"fadeIn":true,"fadeInDurationFac":0.2,"fadeInEase":"linear","alphaStartMin":1,"alphaStartMax":1,"alphaEndMin":0.7,"alphaEndMax":0.8,"alphaEase":"linear","tintStart":15001607,"tintEnd":16729088,"tintEase":"easeOutSine","scaleIn":true,"scaleInDurationFac":0.3,"scaleInEase":"linear","uniformScale":true,"scaleXStartMin":0.2,"scaleXStartMax":0.5,"scaleXEndMin":0.1,"scaleXEndMax":0.2,"scaleXEase":"linear","scaleYStartMin":0.1,"scaleYStartMax":0.3,"scaleYEndMin":0,"scaleYEndMax":0,"scaleYEase":"linear","scaleStartMin":0.1,"scaleStartMax":0.2,"scaleEndMin":0,"scaleEndMax":0,"scaleEase":"linear","childs":[],"spawn":{"onComplete":[],"onBounce":[],"onHalfway":[],"onStart":[]}},"childs":[]},{"id":28,"name":"top-spaceship-engine","type":0,"core":{"type":"circle","params":{"radius":0,"radial":false,"angle":0,"uniform":false,"width":100,"height":100}},"spawnFrequencyMin":0.07,"spawnFrequencyMax":0.09,"maxParticles":1000,"spawnCountMin":2,"spawnCountMax":3,"duration":0,"infinite":true,"useGravity":false,"gravity":0,"useFloor":false,"floorY":0,"rotation":0,"autoRotation":0,"particleSettings":{"componentType":0,"componentId":"fx-light03.png","componentParams":{"animationSpeedMin":0.1,"animationSpeedMax":0.5,"anchorX":0.3,"anchorY":0.5,"loop":false},"durationMin":0.5,"durationMax":1,"distanceMin":-70,"distanceMax":-180,"distanceEase":"linear","moveSpeedMin":0,"moveSpeedMax":0,"bounceFacMin":0,"bounceFacMax":0,"frictionMin":0,"frictionMax":0,"useMotion":true,"useRotation":false,"useAlpha":true,"useScale":true,"useTint":true,"useChilds":false,"useSpawns":false,"stopOnBounce":false,"align":false,"blendMode":1,"addOnTop":true,"rotationSpeedMin":0.017453292519943295,"rotationSpeedMax":0.03490658503988659,"randomRotationDirection":true,"randomStartRotation":true,"fadeIn":true,"fadeInDurationFac":0.2,"fadeInEase":"linear","alphaStartMin":0.8,"alphaStartMax":1,"alphaEndMin":0.7,"alphaEndMax":0.8,"alphaEase":"linear","tintStart":8452095,"tintEnd":714751,"tintEase":"easeOutSine","scaleIn":false,"scaleInDurationFac":0.2,"scaleInEase":"easeOutCubic","uniformScale":true,"scaleXStartMin":0.2,"scaleXStartMax":0.5,"scaleXEndMin":0.1,"scaleXEndMax":0.2,"scaleXEase":"linear","scaleYStartMin":0.1,"scaleYStartMax":0.3,"scaleYEndMin":0,"scaleYEndMax":0,"scaleYEase":"linear","scaleStartMin":1,"scaleStartMax":1,"scaleEndMin":0,"scaleEndMax":0,"scaleEase":"linear","childs":[],"spawn":{"onComplete":[],"onBounce":[],"onHalfway":[],"onStart":[]}},"childs":[{"type":0,"id":30,"scale":1,"containerId":"","adoptRotation":true}]},{"id":30,"name":"top-spaceship-engine-sub1","type":0,"core":{"type":"circle","params":{"radius":10,"radial":false,"angle":6.28318530718,"uniform":false,"width":1,"height":1}},"spawnFrequencyMin":0.1,"spawnFrequencyMax":0.1,"maxParticles":1000,"spawnCountMin":1,"spawnCountMax":1,"duration":0,"infinite":true,"useGravity":false,"gravity":0,"useFloor":false,"floorY":0,"rotation":0,"autoRotation":0,"particleSettings":{"componentType":0,"componentId":"fx-light01.png","componentParams":{"animationSpeedMin":0.1,"animationSpeedMax":0.5,"anchorX":0.5,"anchorY":0.5,"loop":false},"durationMin":0.3,"durationMax":0.3,"distanceMin":0,"distanceMax":0,"distanceEase":"easeOutSine","moveSpeedMin":0,"moveSpeedMax":0,"bounceFacMin":0,"bounceFacMax":0,"frictionMin":0,"frictionMax":0,"useMotion":false,"useRotation":false,"useAlpha":true,"useScale":true,"useTint":true,"useChilds":false,"useSpawns":false,"stopOnBounce":false,"align":false,"blendMode":1,"addOnTop":true,"rotationSpeedMin":0,"rotationSpeedMax":0,"randomRotationDirection":false,"randomStartRotation":false,"fadeIn":false,"fadeInDurationFac":0.2,"fadeInEase":"linear","alphaStartMin":0.1,"alphaStartMax":0.1,"alphaEndMin":0,"alphaEndMax":0.1,"alphaEase":"linear","tintStart":65509,"tintEnd":10813427,"tintEase":"easeOutSine","scaleIn":false,"scaleInDurationFac":0.2,"scaleInEase":"linear","uniformScale":false,"scaleXStartMin":0.7,"scaleXStartMax":0.7,"scaleXEndMin":1.1,"scaleXEndMax":0.7,"scaleXEase":"linear","scaleYStartMin":0.5,"scaleYStartMax":0.5,"scaleYEndMin":0.5,"scaleYEndMax":0.7,"scaleYEase":"linear","scaleStartMin":0.7,"scaleStartMax":0.9,"scaleEndMin":1,"scaleEndMax":1,"scaleEase":"easeOutSine","childs":[],"spawn":{"onComplete":[],"onBounce":[],"onHalfway":[],"onStart":[]}},"childs":[]},{"id":31,"name":"top-big-spaceship-engine-sub1","type":0,"core":{"type":"ring","params":{"radius":100,"radial":false,"angle":1.5707963267948966,"uniform":true,"width":100,"height":100}},"spawnFrequencyMin":0.05,"spawnFrequencyMax":0.07,"maxParticles":1000,"spawnCountMin":4,"spawnCountMax":4,"duration":0,"infinite":true,"useGravity":false,"gravity":0,"useFloor":false,"floorY":0,"rotation":-3.141592653589793,"autoRotation":0,"particleSettings":{"componentType":0,"componentId":"fx-light03.png","componentParams":{"animationSpeedMin":0.1,"animationSpeedMax":0.5,"anchorX":0.3,"anchorY":0.5,"loop":false},"durationMin":0.3,"durationMax":0.6,"distanceMin":70,"distanceMax":90,"distanceEase":"linear","moveSpeedMin":0,"moveSpeedMax":0,"bounceFacMin":0,"bounceFacMax":0,"frictionMin":0,"frictionMax":0,"useMotion":true,"useRotation":false,"useAlpha":true,"useScale":true,"useTint":true,"useChilds":false,"useSpawns":false,"stopOnBounce":false,"align":false,"blendMode":1,"addOnTop":true,"rotationSpeedMin":0.017453292519943295,"rotationSpeedMax":0.03490658503988659,"randomRotationDirection":true,"randomStartRotation":true,"fadeIn":true,"fadeInDurationFac":0.4,"fadeInEase":"linear","alphaStartMin":0.9,"alphaStartMax":1,"alphaEndMin":1,"alphaEndMax":1,"alphaEase":"linear","tintStart":1360076,"tintEnd":9633791,"tintEase":"easeOutSine","scaleIn":false,"scaleInDurationFac":0.2,"scaleInEase":"easeOutCubic","uniformScale":true,"scaleXStartMin":0.2,"scaleXStartMax":0.5,"scaleXEndMin":0.1,"scaleXEndMax":0.2,"scaleXEase":"linear","scaleYStartMin":0.1,"scaleYStartMax":0.3,"scaleYEndMin":0,"scaleYEndMax":0,"scaleYEase":"linear","scaleStartMin":1.2,"scaleStartMax":1.4,"scaleEndMin":0,"scaleEndMax":0,"scaleEase":"linear","childs":[],"spawn":{"onComplete":[],"onBounce":[],"onHalfway":[],"onStart":[]}},"childs":[{"type":0,"id":32,"scale":1,"containerId":"","adoptRotation":true}]},{"id":32,"name":"top-big-spaceship-engine-sub2","type":0,"core":{"type":"circle","params":{"radius":10,"radial":false,"angle":6.28318530718,"uniform":false,"width":1,"height":1}},"spawnFrequencyMin":0.1,"spawnFrequencyMax":0.1,"maxParticles":1000,"spawnCountMin":1,"spawnCountMax":1,"duration":0,"infinite":true,"useGravity":false,"gravity":0,"useFloor":false,"floorY":0,"rotation":-1.5707963267948966,"autoRotation":0,"particleSettings":{"componentType":0,"componentId":"fx-light01.png","componentParams":{"animationSpeedMin":0.1,"animationSpeedMax":0.5,"anchorX":0.5,"anchorY":0.16,"loop":false},"durationMin":0.3,"durationMax":0.2,"distanceMin":0,"distanceMax":0,"distanceEase":"easeOutSine","moveSpeedMin":0,"moveSpeedMax":0,"bounceFacMin":0,"bounceFacMax":0,"frictionMin":0,"frictionMax":0,"useMotion":false,"useRotation":false,"useAlpha":true,"useScale":true,"useTint":true,"useChilds":false,"useSpawns":false,"stopOnBounce":false,"align":false,"blendMode":1,"addOnTop":true,"rotationSpeedMin":0,"rotationSpeedMax":0,"randomRotationDirection":false,"randomStartRotation":false,"fadeIn":false,"fadeInDurationFac":0.2,"fadeInEase":"linear","alphaStartMin":0.1,"alphaStartMax":0.1,"alphaEndMin":0.1,"alphaEndMax":0.1,"alphaEase":"linear","tintStart":65509,"tintEnd":10813427,"tintEase":"easeOutSine","scaleIn":false,"scaleInDurationFac":0.2,"scaleInEase":"linear","uniformScale":false,"scaleXStartMin":0.9,"scaleXStartMax":0.9,"scaleXEndMin":1.4,"scaleXEndMax":0.9,"scaleXEase":"linear","scaleYStartMin":1,"scaleYStartMax":1.2,"scaleYEndMin":1.6,"scaleYEndMax":1.6,"scaleYEase":"linear","scaleStartMin":0.7,"scaleStartMax":0.9,"scaleEndMin":1,"scaleEndMax":1,"scaleEase":"easeOutSine","childs":[],"spawn":{"onComplete":[],"onBounce":[],"onHalfway":[],"onStart":[]}},"childs":[]},{"id":33,"name":"paint","type":0,"core":{"type":"ring","params":{"radius":60,"radial":false,"angle":6.28318530718,"uniform":true,"width":100,"height":100}},"spawnFrequencyMin":0.1,"spawnFrequencyMax":0.1,"maxParticles":1000,"spawnCountMin":40,"spawnCountMax":40,"duration":0,"infinite":true,"useGravity":false,"gravity":0,"useFloor":false,"floorY":0,"rotation":0,"autoRotation":0,"particleSettings":{"componentType":0,"componentId":"fx-light09.png","componentParams":{"animationSpeedMin":0.1,"animationSpeedMax":0.5,"anchorX":0.5,"anchorY":0.5,"loop":false},"durationMin":1,"durationMax":1,"distanceMin":0,"distanceMax":0,"distanceEase":"easeOutSine","moveSpeedMin":0,"moveSpeedMax":0,"bounceFacMin":0,"bounceFacMax":0,"frictionMin":0,"frictionMax":0,"useMotion":false,"useRotation":false,"useAlpha":true,"useScale":true,"useTint":true,"useChilds":false,"useSpawns":false,"stopOnBounce":false,"align":false,"blendMode":1,"addOnTop":true,"rotationSpeedMin":0.03490658503988659,"rotationSpeedMax":0.05235987755982988,"randomRotationDirection":false,"randomStartRotation":true,"fadeIn":true,"fadeInDurationFac":0.3,"fadeInEase":"linear","alphaStartMin":1,"alphaStartMax":1,"alphaEndMin":1,"alphaEndMax":1,"alphaEase":"linear","tintStart":16711837,"tintEnd":20991,"tintEase":"easeOutSine","scaleIn":false,"scaleInDurationFac":0.2,"scaleInEase":"easeInSine","uniformScale":true,"scaleXStartMin":1,"scaleXStartMax":1,"scaleXEndMin":1,"scaleXEndMax":1,"scaleXEase":"linear","scaleYStartMin":1,"scaleYStartMax":1,"scaleYEndMin":1,"scaleYEndMax":1,"scaleYEase":"linear","scaleStartMin":0.2,"scaleStartMax":0.2,"scaleEndMin":0,"scaleEndMax":0,"scaleEase":"linear","childs":[],"spawn":{"onComplete":[],"onBounce":[],"onHalfway":[],"onStart":[]}},"childs":[]},{"id":34,"name":"magic-comet","type":0,"core":{"type":"ring","params":{"radius":60,"radial":false,"angle":6.28318530718,"uniform":false,"width":100,"height":100}},"spawnFrequencyMin":0.1,"spawnFrequencyMax":0.1,"maxParticles":1000,"spawnCountMin":40,"spawnCountMax":40,"duration":0,"infinite":true,"useGravity":false,"gravity":0,"useFloor":false,"floorY":0,"rotation":0,"autoRotation":0.010471975511965976,"particleSettings":{"componentType":0,"componentId":"fx-lightning01.png","componentParams":{"animationSpeedMin":0.1,"animationSpeedMax":0.5,"anchorX":0.5,"anchorY":0.5,"loop":false},"durationMin":1,"durationMax":1,"distanceMin":0,"distanceMax":0,"distanceEase":"easeOutSine","moveSpeedMin":0,"moveSpeedMax":0,"bounceFacMin":0,"bounceFacMax":0,"frictionMin":0,"frictionMax":0,"useMotion":false,"useRotation":true,"useAlpha":false,"useScale":true,"useTint":true,"useChilds":false,"useSpawns":false,"stopOnBounce":false,"align":false,"blendMode":3,"addOnTop":true,"rotationSpeedMin":0,"rotationSpeedMax":0,"randomRotationDirection":false,"randomStartRotation":true,"fadeIn":false,"fadeInDurationFac":0.2,"fadeInEase":"linear","alphaStartMin":1,"alphaStartMax":1,"alphaEndMin":0,"alphaEndMax":0,"alphaEase":"linear","tintStart":65459,"tintEnd":15859967,"tintEase":"easeOutSine","scaleIn":true,"scaleInDurationFac":0.2,"scaleInEase":"linear","uniformScale":true,"scaleXStartMin":1,"scaleXStartMax":1,"scaleXEndMin":1,"scaleXEndMax":1,"scaleXEase":"linear","scaleYStartMin":1,"scaleYStartMax":1,"scaleYEndMin":1,"scaleYEndMax":1,"scaleYEase":"linear","scaleStartMin":0.2,"scaleStartMax":0.3,"scaleEndMin":0,"scaleEndMax":0,"scaleEase":"linear","childs":[],"spawn":{"onComplete":[],"onBounce":[],"onHalfway":[],"onStart":[]}},"childs":[]},{"id":36,"name":"top-rocket","type":0,"core":{"type":"circle","params":{"radius":0,"radial":false,"angle":0,"uniform":false,"width":100,"height":100}},"spawnFrequencyMin":0.1,"spawnFrequencyMax":0.1,"maxParticles":1000,"spawnCountMin":2,"spawnCountMax":5,"duration":0,"infinite":true,"useGravity":false,"gravity":0,"useFloor":false,"floorY":0,"rotation":0,"autoRotation":0,"particleSettings":{"componentType":0,"componentId":"fx-light01.png","componentParams":{"animationSpeedMin":0.1,"animationSpeedMax":0.5,"anchorX":0.5,"anchorY":0.5,"loop":false},"durationMin":0.5,"durationMax":1,"distanceMin":-50,"distanceMax":-80,"distanceEase":"linear","moveSpeedMin":0,"moveSpeedMax":0,"bounceFacMin":0,"bounceFacMax":0,"frictionMin":0,"frictionMax":0,"useMotion":true,"useRotation":false,"useAlpha":true,"useScale":true,"useTint":true,"useChilds":false,"useSpawns":true,"stopOnBounce":false,"align":false,"blendMode":1,"addOnTop":true,"rotationSpeedMin":0.017453292519943295,"rotationSpeedMax":0.03490658503988659,"randomRotationDirection":true,"randomStartRotation":true,"fadeIn":true,"fadeInDurationFac":0.1,"fadeInEase":"linear","alphaStartMin":1,"alphaStartMax":1,"alphaEndMin":0,"alphaEndMax":0,"alphaEase":"linear","tintStart":16772224,"tintEnd":16731392,"tintEase":"easeOutSine","scaleIn":false,"scaleInDurationFac":0.2,"scaleInEase":"easeOutCubic","uniformScale":true,"scaleXStartMin":0.2,"scaleXStartMax":0.5,"scaleXEndMin":0.1,"scaleXEndMax":0.2,"scaleXEase":"linear","scaleYStartMin":0.1,"scaleYStartMax":0.3,"scaleYEndMin":0,"scaleYEndMax":0,"scaleYEase":"linear","scaleStartMin":0.1,"scaleStartMax":0.3,"scaleEndMin":0,"scaleEndMax":0,"scaleEase":"linear","childs":[],"spawn":{"onComplete":[],"onBounce":[],"onHalfway":[{"type":0,"id":38,"scale":1,"adoptRotation":false,"containerId":""}],"onStart":[]}},"childs":[]},{"id":37,"name":"top-big-spaceship-engine","type":0,"core":{"type":"circle","params":{"radius":100,"radial":true,"angle":6.28318530718,"uniform":false,"width":100,"height":100}},"spawnFrequencyMin":100000,"spawnFrequencyMax":1000000,"maxParticles":1000,"spawnCountMin":0,"spawnCountMax":0,"duration":0,"infinite":true,"useGravity":false,"gravity":0,"useFloor":false,"floorY":0,"rotation":0,"autoRotation":0,"particleSettings":{"componentType":0,"componentId":"fx-light03.png","componentParams":{"animationSpeedMin":0.1,"animationSpeedMax":0.5,"anchorX":0.5,"anchorY":0.5,"loop":false},"durationMin":1,"durationMax":2,"distanceMin":0,"distanceMax":0,"distanceEase":"easeOutSine","moveSpeedMin":0,"moveSpeedMax":0,"bounceFacMin":0,"bounceFacMax":0,"frictionMin":0,"frictionMax":0,"useMotion":false,"useRotation":false,"useAlpha":false,"useScale":false,"useTint":false,"useChilds":false,"useSpawns":false,"stopOnBounce":false,"align":false,"blendMode":1,"addOnTop":true,"rotationSpeedMin":0,"rotationSpeedMax":0,"randomRotationDirection":false,"randomStartRotation":false,"fadeIn":true,"fadeInDurationFac":0.2,"fadeInEase":"linear","alphaStartMin":1,"alphaStartMax":1,"alphaEndMin":0,"alphaEndMax":0,"alphaEase":"linear","tintStart":16777215,"tintEnd":16777215,"tintEase":"easeOutSine","scaleIn":false,"scaleInDurationFac":0.2,"scaleInEase":"linear","uniformScale":true,"scaleXStartMin":1,"scaleXStartMax":1,"scaleXEndMin":1,"scaleXEndMax":1,"scaleXEase":"linear","scaleYStartMin":1,"scaleYStartMax":1,"scaleYEndMin":1,"scaleYEndMax":1,"scaleYEase":"linear","scaleStartMin":1,"scaleStartMax":1,"scaleEndMin":1,"scaleEndMax":1,"scaleEase":"easeOutSine","childs":[],"spawn":{"onComplete":[],"onBounce":[],"onHalfway":[],"onStart":[]}},"childs":[{"type":0,"id":31,"scale":1,"containerId":"","adoptRotation":true}]},{"id":38,"name":"top-rocket-sub1","type":0,"core":{"type":"circle","params":{"radius":5,"radial":false,"angle":0,"uniform":false,"width":100,"height":100}},"spawnFrequencyMin":0.1,"spawnFrequencyMax":0.1,"maxParticles":1000,"spawnCountMin":2,"spawnCountMax":5,"duration":0,"infinite":false,"useGravity":false,"gravity":0,"useFloor":false,"floorY":0,"rotation":0,"autoRotation":0,"particleSettings":{"componentType":0,"componentId":"fx-cloud01.png","componentParams":{"animationSpeedMin":0.1,"animationSpeedMax":0.5,"anchorX":0.5,"anchorY":0.5,"loop":false},"durationMin":0.7,"durationMax":1.3,"distanceMin":-10,"distanceMax":-20,"distanceEase":"linear","moveSpeedMin":0,"moveSpeedMax":0,"bounceFacMin":0,"bounceFacMax":0,"frictionMin":0,"frictionMax":0,"useMotion":true,"useRotation":true,"useAlpha":true,"useScale":true,"useTint":true,"useChilds":false,"useSpawns":false,"stopOnBounce":false,"align":false,"blendMode":0,"addOnTop":false,"rotationSpeedMin":0.012217304763960306,"rotationSpeedMax":0.02617993877991494,"randomRotationDirection":true,"randomStartRotation":true,"fadeIn":true,"fadeInDurationFac":0.2,"fadeInEase":"linear","alphaStartMin":0.4,"alphaStartMax":0.7,"alphaEndMin":0,"alphaEndMax":0,"alphaEase":"linear","tintStart":2894892,"tintEnd":2957080,"tintEase":"easeOutSine","scaleIn":true,"scaleInDurationFac":0.2,"scaleInEase":"easeOutCubic","uniformScale":true,"scaleXStartMin":0.2,"scaleXStartMax":0.5,"scaleXEndMin":0.1,"scaleXEndMax":0.2,"scaleXEase":"linear","scaleYStartMin":0.1,"scaleYStartMax":0.3,"scaleYEndMin":0,"scaleYEndMax":0,"scaleYEase":"linear","scaleStartMin":0.2,"scaleStartMax":0.4,"scaleEndMin":0,"scaleEndMax":0,"scaleEase":"linear","childs":[],"spawn":{"onComplete":[],"onBounce":[],"onHalfway":[],"onStart":[]}},"childs":[]},{"id":40,"name":"plasma-sphere","type":0,"core":{"type":"circle","params":{"radius":7,"radial":false,"angle":6.28318530718,"uniform":false,"width":1,"height":1}},"spawnFrequencyMin":0.1,"spawnFrequencyMax":0.1,"maxParticles":1000,"spawnCountMin":1,"spawnCountMax":2,"duration":0,"infinite":true,"useGravity":false,"gravity":0,"useFloor":false,"floorY":0,"rotation":-1.5707963267948966,"autoRotation":0,"particleSettings":{"componentType":0,"componentId":"fx-shield01.png","componentParams":{"animationSpeedMin":0.1,"animationSpeedMax":0.5,"anchorX":0.5,"anchorY":0.5,"loop":false},"durationMin":0.5,"durationMax":0.6,"distanceMin":0,"distanceMax":0,"distanceEase":"easeOutSine","moveSpeedMin":0,"moveSpeedMax":0,"bounceFacMin":0,"bounceFacMax":0,"frictionMin":0,"frictionMax":0,"useMotion":false,"useRotation":false,"useAlpha":true,"useScale":true,"useTint":true,"useChilds":false,"useSpawns":false,"stopOnBounce":false,"align":false,"blendMode":1,"addOnTop":true,"rotationSpeedMin":0,"rotationSpeedMax":0,"randomRotationDirection":false,"randomStartRotation":false,"fadeIn":true,"fadeInDurationFac":0.2,"fadeInEase":"linear","alphaStartMin":0.7,"alphaStartMax":0.8,"alphaEndMin":0.1,"alphaEndMax":0.1,"alphaEase":"linear","tintStart":5471999,"tintEnd":65535,"tintEase":"easeOutSine","scaleIn":true,"scaleInDurationFac":0.4,"scaleInEase":"easeOutCirc","uniformScale":true,"scaleXStartMin":0.9,"scaleXStartMax":0.9,"scaleXEndMin":1.4,"scaleXEndMax":0.9,"scaleXEase":"linear","scaleYStartMin":1,"scaleYStartMax":1.2,"scaleYEndMin":1.6,"scaleYEndMax":1.6,"scaleYEase":"linear","scaleStartMin":1.3,"scaleStartMax":1.3,"scaleEndMin":0.2,"scaleEndMax":0.4,"scaleEase":"easeInQuart","childs":[],"spawn":{"onComplete":[],"onBounce":[],"onHalfway":[],"onStart":[]}},"childs":[{"type":0,"id":42,"scale":1,"containerId":"","adoptRotation":true}]},{"id":41,"name":"plasma-shield","type":0,"core":{"type":"circle","params":{"radius":2,"radial":false,"angle":6.28318530718,"uniform":false,"width":1,"height":1}},"spawnFrequencyMin":0.15,"spawnFrequencyMax":0.15,"maxParticles":1000,"spawnCountMin":1,"spawnCountMax":1,"duration":0,"infinite":true,"useGravity":false,"gravity":0,"useFloor":false,"floorY":0,"rotation":0,"autoRotation":0.03490658503988659,"particleSettings":{"componentType":0,"componentId":"fx-shield01.png","componentParams":{"animationSpeedMin":0.1,"animationSpeedMax":0.5,"anchorX":0.5,"anchorY":0.5,"loop":false},"durationMin":0.5,"durationMax":0.6,"distanceMin":0,"distanceMax":0,"distanceEase":"easeOutSine","moveSpeedMin":0,"moveSpeedMax":0,"bounceFacMin":0,"bounceFacMax":0,"frictionMin":0,"frictionMax":0,"useMotion":false,"useRotation":false,"useAlpha":true,"useScale":true,"useTint":true,"useChilds":false,"useSpawns":false,"stopOnBounce":false,"align":false,"blendMode":1,"addOnTop":true,"rotationSpeedMin":0,"rotationSpeedMax":0,"randomRotationDirection":false,"randomStartRotation":false,"fadeIn":true,"fadeInDurationFac":0.2,"fadeInEase":"linear","alphaStartMin":0.7,"alphaStartMax":0.8,"alphaEndMin":0.1,"alphaEndMax":0.1,"alphaEase":"linear","tintStart":5471999,"tintEnd":65535,"tintEase":"easeOutSine","scaleIn":false,"scaleInDurationFac":0.4,"scaleInEase":"easeOutCirc","uniformScale":true,"scaleXStartMin":0.9,"scaleXStartMax":0.9,"scaleXEndMin":1.4,"scaleXEndMax":0.9,"scaleXEase":"linear","scaleYStartMin":1,"scaleYStartMax":1.2,"scaleYEndMin":1.6,"scaleYEndMax":1.6,"scaleYEase":"linear","scaleStartMin":1.3,"scaleStartMax":1.3,"scaleEndMin":1.5,"scaleEndMax":1.5,"scaleEase":"easeOutSine","childs":[],"spawn":{"onComplete":[],"onBounce":[],"onHalfway":[],"onStart":[]}},"childs":[]},{"id":42,"name":"plasma-sphere-sub1","type":0,"core":{"type":"ring","params":{"radius":30,"radial":true,"angle":6.283185307179586,"uniform":true,"width":100,"height":100}},"spawnFrequencyMin":0.1,"spawnFrequencyMax":0.1,"maxParticles":1000,"spawnCountMin":1,"spawnCountMax":1,"duration":0,"infinite":true,"useGravity":false,"gravity":0,"useFloor":false,"floorY":0,"rotation":0,"autoRotation":0.4363323129985824,"particleSettings":{"componentType":0,"componentId":"fx-light04.png","componentParams":{"animationSpeedMin":0.1,"animationSpeedMax":0.5,"anchorX":0.5,"anchorY":0.5,"loop":false},"durationMin":1,"durationMax":2,"distanceMin":10,"distanceMax":50,"distanceEase":"linear","moveSpeedMin":0,"moveSpeedMax":0,"bounceFacMin":0,"bounceFacMax":0,"frictionMin":0,"frictionMax":0,"useMotion":true,"useRotation":false,"useAlpha":true,"useScale":true,"useTint":true,"useChilds":false,"useSpawns":false,"stopOnBounce":false,"align":false,"blendMode":1,"addOnTop":true,"rotationSpeedMin":0,"rotationSpeedMax":0,"randomRotationDirection":false,"randomStartRotation":false,"fadeIn":true,"fadeInDurationFac":0.2,"fadeInEase":"linear","alphaStartMin":0.5,"alphaStartMax":0.4,"alphaEndMin":0,"alphaEndMax":0,"alphaEase":"linear","tintStart":65429,"tintEnd":65518,"tintEase":"linear","scaleIn":true,"scaleInDurationFac":0.2,"scaleInEase":"linear","uniformScale":true,"scaleXStartMin":1,"scaleXStartMax":1,"scaleXEndMin":1,"scaleXEndMax":1,"scaleXEase":"linear","scaleYStartMin":1,"scaleYStartMax":1,"scaleYEndMin":1,"scaleYEndMax":1,"scaleYEase":"linear","scaleStartMin":0.5,"scaleStartMax":0.5,"scaleEndMin":1,"scaleEndMax":1,"scaleEase":"linear","childs":[],"spawn":{"onComplete":[],"onBounce":[],"onStart":[],"onHalfway":[]}},"childs":[]},{"id":43,"name":"plasma-corona","type":0,"core":{"type":"ring","params":{"radius":100,"radial":true,"angle":6.283185307179586,"uniform":true,"width":100,"height":100}},"spawnFrequencyMin":0.1,"spawnFrequencyMax":0.1,"maxParticles":1000,"spawnCountMin":2,"spawnCountMax":2,"duration":0,"infinite":true,"useGravity":false,"gravity":0,"useFloor":false,"floorY":0,"rotation":0,"autoRotation":0.13962634015954636,"particleSettings":{"componentType":0,"componentId":"fx-light04.png","componentParams":{"animationSpeedMin":0.1,"animationSpeedMax":0.5,"anchorX":0.5,"anchorY":0.5,"loop":false},"durationMin":1,"durationMax":2,"distanceMin":10,"distanceMax":10,"distanceEase":"linear","moveSpeedMin":0,"moveSpeedMax":0,"bounceFacMin":0,"bounceFacMax":0,"frictionMin":0,"frictionMax":0,"useMotion":true,"useRotation":false,"useAlpha":true,"useScale":true,"useTint":true,"useChilds":false,"useSpawns":false,"stopOnBounce":false,"align":false,"blendMode":3,"addOnTop":true,"rotationSpeedMin":0,"rotationSpeedMax":0,"randomRotationDirection":false,"randomStartRotation":false,"fadeIn":true,"fadeInDurationFac":0.2,"fadeInEase":"linear","alphaStartMin":0.6,"alphaStartMax":0.8,"alphaEndMin":0,"alphaEndMax":0,"alphaEase":"linear","tintStart":15177983,"tintEnd":13172987,"tintEase":"linear","scaleIn":true,"scaleInDurationFac":0.2,"scaleInEase":"linear","uniformScale":true,"scaleXStartMin":1,"scaleXStartMax":1,"scaleXEndMin":1,"scaleXEndMax":1,"scaleXEase":"linear","scaleYStartMin":1,"scaleYStartMax":1,"scaleYEndMin":1,"scaleYEndMax":1,"scaleYEase":"linear","scaleStartMin":0.7,"scaleStartMax":0.7,"scaleEndMin":2.5,"scaleEndMax":2.5,"scaleEase":"linear","childs":[],"spawn":{"onComplete":[],"onBounce":[],"onStart":[],"onHalfway":[]}},"childs":[{"type":0,"id":44,"scale":1,"containerId":"","adoptRotation":true}]},{"id":44,"name":"plasma-corona-sub1","type":0,"core":{"type":"ring","params":{"radius":100,"radial":true,"angle":6.283185307179586,"uniform":true,"width":100,"height":100}},"spawnFrequencyMin":0.1,"spawnFrequencyMax":0.1,"maxParticles":1000,"spawnCountMin":2,"spawnCountMax":5,"duration":0,"infinite":true,"useGravity":false,"gravity":0,"useFloor":false,"floorY":0,"rotation":0,"autoRotation":0,"particleSettings":{"componentType":0,"componentId":"fx-shield02.png","componentParams":{"animationSpeedMin":0.1,"animationSpeedMax":0.5,"anchorX":0.5,"anchorY":0.5,"loop":false},"durationMin":2,"durationMax":2,"distanceMin":-150,"distanceMax":-150,"distanceEase":"easeInSine","moveSpeedMin":0,"moveSpeedMax":0,"bounceFacMin":0,"bounceFacMax":0,"frictionMin":0,"frictionMax":0,"useMotion":true,"useRotation":false,"useAlpha":true,"useScale":true,"useTint":true,"useChilds":false,"useSpawns":false,"stopOnBounce":false,"align":false,"blendMode":3,"addOnTop":false,"rotationSpeedMin":0,"rotationSpeedMax":0,"randomRotationDirection":false,"randomStartRotation":false,"fadeIn":true,"fadeInDurationFac":0.2,"fadeInEase":"linear","alphaStartMin":0.5,"alphaStartMax":0.6,"alphaEndMin":0.1,"alphaEndMax":0.2,"alphaEase":"linear","tintStart":11416538,"tintEnd":29347,"tintEase":"linear","scaleIn":true,"scaleInDurationFac":0.2,"scaleInEase":"linear","uniformScale":true,"scaleXStartMin":1,"scaleXStartMax":1,"scaleXEndMin":1,"scaleXEndMax":1,"scaleXEase":"linear","scaleYStartMin":1,"scaleYStartMax":1,"scaleYEndMin":1,"scaleYEndMax":1,"scaleYEase":"linear","scaleStartMin":0.3,"scaleStartMax":0.4,"scaleEndMin":0,"scaleEndMax":0,"scaleEase":"linear","childs":[],"spawn":{"onComplete":[],"onBounce":[],"onStart":[],"onHalfway":[]}},"childs":[]},{"id":46,"name":"plasma-shield-hit","type":0,"core":{"type":"circle","params":{"radius":3,"radial":false,"angle":6.28318530718,"uniform":false,"width":100,"height":100}},"spawnFrequencyMin":1,"spawnFrequencyMax":1,"maxParticles":1000,"spawnCountMin":2,"spawnCountMax":4,"duration":0,"infinite":false,"useGravity":false,"gravity":0,"useFloor":false,"floorY":0,"rotation":0,"autoRotation":0,"particleSettings":{"componentType":0,"componentId":"fx-shield02.png","componentParams":{"animationSpeedMin":0.1,"animationSpeedMax":0.5,"anchorX":0.1,"anchorY":0.5,"loop":false},"durationMin":0.1,"durationMax":0.3,"distanceMin":10,"distanceMax":20,"distanceEase":"linear","moveSpeedMin":0,"moveSpeedMax":0,"bounceFacMin":0,"bounceFacMax":0,"frictionMin":0,"frictionMax":0,"useMotion":true,"useRotation":false,"useAlpha":true,"useScale":true,"useTint":false,"useChilds":false,"useSpawns":true,"stopOnBounce":false,"align":false,"blendMode":1,"addOnTop":true,"rotationSpeedMin":0,"rotationSpeedMax":0,"randomRotationDirection":false,"randomStartRotation":false,"fadeIn":true,"fadeInDurationFac":0.2,"fadeInEase":"linear","alphaStartMin":0.6,"alphaStartMax":1,"alphaEndMin":0,"alphaEndMax":0,"alphaEase":"linear","tintStart":16777215,"tintEnd":16777215,"tintEase":"linear","scaleIn":false,"scaleInDurationFac":0.2,"scaleInEase":"linear","uniformScale":true,"scaleXStartMin":1,"scaleXStartMax":1,"scaleXEndMin":1,"scaleXEndMax":1,"scaleXEase":"linear","scaleYStartMin":1,"scaleYStartMax":1,"scaleYEndMin":1,"scaleYEndMax":1,"scaleYEase":"linear","scaleStartMin":1.3,"scaleStartMax":1.3,"scaleEndMin":1.5,"scaleEndMax":1.6,"scaleEase":"linear","childs":[],"spawn":{"onComplete":[],"onBounce":[],"onStart":[{"type":0,"id":49,"scale":1,"adoptRotation":true,"containerId":""},{"type":0,"id":50,"scale":1,"adoptRotation":true,"containerId":""}],"onHalfway":[]}},"childs":[]},{"id":49,"name":"plasma-shield-hit-sub1","type":0,"core":{"type":"ring","params":{"radius":95,"radial":true,"angle":0.6981317007977318,"uniform":false,"width":100,"height":100}},"spawnFrequencyMin":0.1,"spawnFrequencyMax":0.1,"maxParticles":1000,"spawnCountMin":2,"spawnCountMax":4,"duration":0.2,"infinite":false,"useGravity":false,"gravity":0,"useFloor":false,"floorY":0,"rotation":0,"autoRotation":0,"particleSettings":{"componentType":0,"componentId":"fx-dot.png","componentParams":{"animationSpeedMin":0.1,"animationSpeedMax":0.5,"anchorX":0.5,"anchorY":0.5,"loop":false},"durationMin":0.1,"durationMax":0.4,"distanceMin":10,"distanceMax":40,"distanceEase":"linear","moveSpeedMin":0,"moveSpeedMax":0,"bounceFacMin":0,"bounceFacMax":0,"frictionMin":0,"frictionMax":0,"useMotion":true,"useRotation":false,"useAlpha":true,"useScale":true,"useTint":true,"useChilds":false,"useSpawns":true,"stopOnBounce":false,"align":false,"blendMode":1,"addOnTop":true,"rotationSpeedMin":0,"rotationSpeedMax":0,"randomRotationDirection":false,"randomStartRotation":false,"fadeIn":true,"fadeInDurationFac":0.2,"fadeInEase":"linear","alphaStartMin":0.6,"alphaStartMax":1,"alphaEndMin":0,"alphaEndMax":0,"alphaEase":"linear","tintStart":16777215,"tintEnd":9833983,"tintEase":"linear","scaleIn":false,"scaleInDurationFac":0.2,"scaleInEase":"linear","uniformScale":true,"scaleXStartMin":1,"scaleXStartMax":1,"scaleXEndMin":1,"scaleXEndMax":1,"scaleXEase":"linear","scaleYStartMin":1,"scaleYStartMax":1,"scaleYEndMin":1,"scaleYEndMax":1,"scaleYEase":"linear","scaleStartMin":2,"scaleStartMax":1.3,"scaleEndMin":0.2,"scaleEndMax":0.6,"scaleEase":"linear","childs":[],"spawn":{"onComplete":[],"onBounce":[],"onStart":[],"onHalfway":[]}},"childs":[]},{"id":50,"name":"plasma-shield-hit-sub2","type":0,"core":{"type":"ring","params":{"radius":90,"radial":false,"angle":0.5235987755982988,"uniform":false,"width":100,"height":100}},"spawnFrequencyMin":0.1,"spawnFrequencyMax":0.1,"maxParticles":1000,"spawnCountMin":5,"spawnCountMax":9,"duration":0,"infinite":false,"useGravity":false,"gravity":0,"useFloor":false,"floorY":0,"rotation":0,"autoRotation":0,"particleSettings":{"componentType":0,"componentId":"fx-dot.png","componentParams":{"animationSpeedMin":0.1,"animationSpeedMax":0.5,"anchorX":0.5,"anchorY":0.5,"loop":false},"durationMin":0.1,"durationMax":0.4,"distanceMin":50,"distanceMax":150,"distanceEase":"linear","moveSpeedMin":0,"moveSpeedMax":0,"bounceFacMin":0,"bounceFacMax":0,"frictionMin":0,"frictionMax":0,"useMotion":true,"useRotation":false,"useAlpha":true,"useScale":true,"useTint":true,"useChilds":false,"useSpawns":true,"stopOnBounce":false,"align":false,"blendMode":1,"addOnTop":true,"rotationSpeedMin":0,"rotationSpeedMax":0,"randomRotationDirection":false,"randomStartRotation":false,"fadeIn":false,"fadeInDurationFac":0.2,"fadeInEase":"linear","alphaStartMin":0.6,"alphaStartMax":0.8,"alphaEndMin":0,"alphaEndMax":0,"alphaEase":"linear","tintStart":15368959,"tintEnd":13959423,"tintEase":"linear","scaleIn":false,"scaleInDurationFac":0.2,"scaleInEase":"linear","uniformScale":true,"scaleXStartMin":1,"scaleXStartMax":1,"scaleXEndMin":1,"scaleXEndMax":1,"scaleXEase":"linear","scaleYStartMin":1,"scaleYStartMax":1,"scaleYEndMin":1,"scaleYEndMax":1,"scaleYEase":"linear","scaleStartMin":0.6,"scaleStartMax":0.9,"scaleEndMin":0.1,"scaleEndMax":0.1,"scaleEase":"linear","childs":[],"spawn":{"onComplete":[],"onBounce":[],"onStart":[],"onHalfway":[]}},"childs":[]},{"id":52,"name":"top-lavaboulder-launcher","type":0,"core":{"type":"circle","params":{"radius":2,"radial":false,"angle":6.28318530718,"uniform":false,"width":100,"height":100}},"spawnFrequencyMin":0.1,"spawnFrequencyMax":0.1,"maxParticles":1000,"spawnCountMin":1,"spawnCountMax":1,"duration":0,"infinite":false,"useGravity":false,"gravity":0,"useFloor":false,"floorY":0,"rotation":0,"autoRotation":0,"particleSettings":{"componentType":0,"componentId":"fx-stone02.png","componentParams":{"animationSpeedMin":0.1,"animationSpeedMax":0.5,"anchorX":0.5,"anchorY":0.5,"loop":false},"durationMin":1.5,"durationMax":1.5,"distanceMin":1000,"distanceMax":1000,"distanceEase":"linear","moveSpeedMin":0,"moveSpeedMax":0,"bounceFacMin":0,"bounceFacMax":0,"frictionMin":0,"frictionMax":0,"useMotion":true,"useRotation":true,"useAlpha":false,"useScale":true,"useTint":true,"useChilds":true,"useSpawns":false,"stopOnBounce":false,"align":false,"blendMode":1,"addOnTop":true,"rotationSpeedMin":0.17453292519943295,"rotationSpeedMax":0.2617993877991494,"randomRotationDirection":true,"randomStartRotation":true,"fadeIn":true,"fadeInDurationFac":0.2,"fadeInEase":"linear","alphaStartMin":1,"alphaStartMax":1,"alphaEndMin":0,"alphaEndMax":0,"alphaEase":"linear","tintStart":16738572,"tintEnd":15572253,"tintEase":"linear","scaleIn":true,"scaleInDurationFac":0.2,"scaleInEase":"linear","uniformScale":true,"scaleXStartMin":1,"scaleXStartMax":1,"scaleXEndMin":1,"scaleXEndMax":1,"scaleXEase":"linear","scaleYStartMin":1,"scaleYStartMax":1,"scaleYEndMin":1,"scaleYEndMax":1,"scaleYEase":"linear","scaleStartMin":2,"scaleStartMax":2,"scaleEndMin":0.9,"scaleEndMax":0.9,"scaleEase":"linear","childs":[{"type":0,"id":53,"scale":1,"containerId":"","adoptRotation":true},{"type":0,"id":53,"scale":1,"containerId":"","adoptRotation":false}],"spawn":{"onComplete":[],"onBounce":[],"onStart":[],"onHalfway":[]}},"childs":[]},{"id":53,"name":"top-lavaboulder-launcher-sub1","type":0,"core":{"type":"ring","params":{"radius":30,"radial":false,"angle":0.017453292519943295,"uniform":false,"width":100,"height":100}},"spawnFrequencyMin":0.1,"spawnFrequencyMax":0.1,"maxParticles":1000,"spawnCountMin":3,"spawnCountMax":4,"duration":0,"infinite":true,"useGravity":false,"gravity":0,"useFloor":false,"floorY":0,"rotation":0,"autoRotation":0,"particleSettings":{"componentType":1,"componentId":"fx-explo2","componentParams":{"animationSpeedMin":0.1,"animationSpeedMax":0.5,"anchorX":0.5,"anchorY":0.5,"loop":false},"durationMin":0.5,"durationMax":1,"distanceMin":0,"distanceMax":0,"distanceEase":"linear","moveSpeedMin":0,"moveSpeedMax":0,"bounceFacMin":0,"bounceFacMax":0,"frictionMin":0,"frictionMax":0,"useMotion":true,"useRotation":true,"useAlpha":true,"useScale":true,"useTint":true,"useChilds":false,"useSpawns":false,"stopOnBounce":false,"align":false,"blendMode":1,"addOnTop":true,"rotationSpeedMin":0.017453292519943295,"rotationSpeedMax":0.03490658503988659,"randomRotationDirection":true,"randomStartRotation":true,"fadeIn":true,"fadeInDurationFac":0.3,"fadeInEase":"linear","alphaStartMin":1,"alphaStartMax":1,"alphaEndMin":0,"alphaEndMax":0,"alphaEase":"linear","tintStart":16772224,"tintEnd":16731392,"tintEase":"easeOutSine","scaleIn":false,"scaleInDurationFac":0.2,"scaleInEase":"easeOutCubic","uniformScale":true,"scaleXStartMin":0.2,"scaleXStartMax":0.5,"scaleXEndMin":0.1,"scaleXEndMax":0.2,"scaleXEase":"linear","scaleYStartMin":0.1,"scaleYStartMax":0.3,"scaleYEndMin":0,"scaleYEndMax":0,"scaleYEase":"linear","scaleStartMin":0.6,"scaleStartMax":0.7,"scaleEndMin":0,"scaleEndMax":0,"scaleEase":"easeInCubic","childs":[],"spawn":{"onComplete":[],"onBounce":[],"onHalfway":[],"onStart":[]}},"childs":[]},{"id":54,"name":"fireworks","type":0,"core":{"type":"circle","params":{"radius":0,"radial":false,"angle":6.28318530718,"uniform":false,"width":100,"height":100}},"spawnFrequencyMin":1,"spawnFrequencyMax":1,"maxParticles":1000,"spawnCountMin":1,"spawnCountMax":1,"duration":0,"infinite":false,"useGravity":false,"gravity":0,"useFloor":false,"floorY":0,"rotation":-1.5707963267948966,"autoRotation":0,"particleSettings":{"componentType":0,"componentId":"fx-dot.png","componentParams":{"animationSpeedMin":0.1,"animationSpeedMax":0.5,"anchorX":0.3,"anchorY":0.5,"loop":false},"durationMin":2,"durationMax":3,"distanceMin":900,"distanceMax":1000,"distanceEase":"easeInCubic","moveSpeedMin":0,"moveSpeedMax":0,"bounceFacMin":0,"bounceFacMax":0,"frictionMin":0,"frictionMax":0,"useMotion":true,"useRotation":false,"useAlpha":true,"useScale":false,"useTint":false,"useChilds":true,"useSpawns":true,"stopOnBounce":false,"align":false,"blendMode":1,"addOnTop":true,"rotationSpeedMin":0,"rotationSpeedMax":0,"randomRotationDirection":false,"randomStartRotation":false,"fadeIn":false,"fadeInDurationFac":0.1,"fadeInEase":"easeInCubic","alphaStartMin":0,"alphaStartMax":0,"alphaEndMin":0,"alphaEndMax":0,"alphaEase":"linear","tintStart":65369,"tintEnd":10092456,"tintEase":"linear","scaleIn":false,"scaleInDurationFac":0.3,"scaleInEase":"easeOutSine","uniformScale":false,"scaleXStartMin":1,"scaleXStartMax":1,"scaleXEndMin":1.2,"scaleXEndMax":1.3,"scaleXEase":"easeInCubic","scaleYStartMin":0.5,"scaleYStartMax":0.5,"scaleYEndMin":0.4,"scaleYEndMax":0.4,"scaleYEase":"linear","scaleStartMin":1,"scaleStartMax":1,"scaleEndMin":1,"scaleEndMax":1,"scaleEase":"linear","childs":[{"type":0,"id":55,"scale":1,"containerId":"","adoptRotation":true}],"spawn":{"onComplete":[{"type":1,"id":1,"adoptRotation":false,"scale":1}],"onBounce":[],"onStart":[],"onHalfway":[]}},"childs":[]},{"id":55,"name":"fireworks-sub1","type":0,"core":{"type":"circle","params":{"radius":15,"radial":false,"angle":0,"uniform":false,"width":100,"height":100}},"spawnFrequencyMin":0.06,"spawnFrequencyMax":0.06,"maxParticles":1000,"spawnCountMin":6,"spawnCountMax":9,"duration":0,"infinite":true,"useGravity":false,"gravity":0,"useFloor":false,"floorY":0,"rotation":1.5707963267948966,"autoRotation":0,"particleSettings":{"componentType":0,"componentId":"fx-spark02.png","componentParams":{"animationSpeedMin":0.1,"animationSpeedMax":0.5,"anchorX":0.5,"anchorY":0.5,"loop":false},"durationMin":0.6,"durationMax":0.8,"distanceMin":-50,"distanceMax":-70,"distanceEase":"linear","moveSpeedMin":0,"moveSpeedMax":0,"bounceFacMin":0,"bounceFacMax":0,"frictionMin":0,"frictionMax":0,"useMotion":true,"useRotation":true,"useAlpha":true,"useScale":true,"useTint":true,"useChilds":false,"useSpawns":false,"stopOnBounce":false,"align":false,"blendMode":1,"addOnTop":true,"rotationSpeedMin":0.03490658503988659,"rotationSpeedMax":0.13962634015954636,"randomRotationDirection":true,"randomStartRotation":true,"fadeIn":true,"fadeInDurationFac":0.3,"fadeInEase":"linear","alphaStartMin":1,"alphaStartMax":1,"alphaEndMin":0,"alphaEndMax":0,"alphaEase":"easeInOutElastic","tintStart":2031360,"tintEnd":13434624,"tintEase":"linear","scaleIn":false,"scaleInDurationFac":0.2,"scaleInEase":"linear","uniformScale":true,"scaleXStartMin":1,"scaleXStartMax":1,"scaleXEndMin":1,"scaleXEndMax":1,"scaleXEase":"linear","scaleYStartMin":1,"scaleYStartMax":1,"scaleYEndMin":1,"scaleYEndMax":1,"scaleYEase":"linear","scaleStartMin":1,"scaleStartMax":1.1,"scaleEndMin":0,"scaleEndMax":0,"scaleEase":"linear","childs":[],"spawn":{"onComplete":[],"onBounce":[],"onStart":[],"onHalfway":[]}},"childs":[]},{"id":56,"name":"fireworks-sub2","type":0,"core":{"type":"ring","params":{"radius":10,"radial":true,"angle":6.28318530718,"uniform":true,"width":100,"height":100}},"spawnFrequencyMin":0.1,"spawnFrequencyMax":0.1,"maxParticles":1000,"spawnCountMin":9,"spawnCountMax":12,"duration":0,"infinite":false,"useGravity":true,"gravity":0.06,"useFloor":false,"floorY":0,"rotation":0,"autoRotation":0,"particleSettings":{"componentType":0,"componentId":"fx-spark02.png","componentParams":{"animationSpeedMin":0.1,"animationSpeedMax":0.5,"anchorX":0.5,"anchorY":0.5,"loop":false},"durationMin":0.4,"durationMax":0.7,"distanceMin":390,"distanceMax":400,"distanceEase":"linear","moveSpeedMin":3,"moveSpeedMax":3.2,"bounceFacMin":0,"bounceFacMax":0,"frictionMin":0,"frictionMax":0,"useMotion":true,"useRotation":true,"useAlpha":true,"useScale":true,"useTint":true,"useChilds":false,"useSpawns":true,"stopOnBounce":false,"align":false,"blendMode":1,"addOnTop":true,"rotationSpeedMin":0.3490658503988659,"rotationSpeedMax":0.5235987755982988,"randomRotationDirection":true,"randomStartRotation":true,"fadeIn":false,"fadeInDurationFac":0.2,"fadeInEase":"linear","alphaStartMin":1,"alphaStartMax":1,"alphaEndMin":0.5,"alphaEndMax":0.6,"alphaEase":"easeInOutElastic","tintStart":10092456,"tintEnd":9568001,"tintEase":"linear","scaleIn":false,"scaleInDurationFac":0.2,"scaleInEase":"linear","uniformScale":true,"scaleXStartMin":1,"scaleXStartMax":1,"scaleXEndMin":1,"scaleXEndMax":1,"scaleXEase":"linear","scaleYStartMin":1,"scaleYStartMax":1,"scaleYEndMin":1,"scaleYEndMax":1,"scaleYEase":"linear","scaleStartMin":1.4,"scaleStartMax":1.7,"scaleEndMin":0.6,"scaleEndMax":0.6,"scaleEase":"linear","childs":[],"spawn":{"onComplete":[{"type":1,"id":2,"adoptRotation":false,"scale":1}],"onBounce":[],"onStart":[],"onHalfway":[]}},"childs":[]},{"id":57,"name":"fireworks-sub3","type":0,"core":{"type":"ring","params":{"radius":10,"radial":true,"angle":6.28318530718,"uniform":true,"width":100,"height":100}},"spawnFrequencyMin":0.1,"spawnFrequencyMax":0.1,"maxParticles":1000,"spawnCountMin":15,"spawnCountMax":20,"duration":0,"infinite":false,"useGravity":true,"gravity":0.06,"useFloor":false,"floorY":0,"rotation":0,"autoRotation":0,"particleSettings":{"componentType":0,"componentId":"fx-spark03.png","componentParams":{"animationSpeedMin":0.1,"animationSpeedMax":0.5,"anchorX":0.5,"anchorY":0.5,"loop":false},"durationMin":1,"durationMax":1.2,"distanceMin":390,"distanceMax":400,"distanceEase":"linear","moveSpeedMin":2.8,"moveSpeedMax":2.9,"bounceFacMin":0,"bounceFacMax":0,"frictionMin":0,"frictionMax":0,"useMotion":true,"useRotation":false,"useAlpha":true,"useScale":true,"useTint":true,"useChilds":false,"useSpawns":false,"stopOnBounce":false,"align":true,"blendMode":1,"addOnTop":true,"rotationSpeedMin":0.3490658503988659,"rotationSpeedMax":0.5235987755982988,"randomRotationDirection":true,"randomStartRotation":true,"fadeIn":false,"fadeInDurationFac":0.2,"fadeInEase":"linear","alphaStartMin":0.8,"alphaStartMax":1,"alphaEndMin":0,"alphaEndMax":0,"alphaEase":"easeOutBounce","tintStart":9568001,"tintEnd":16449479,"tintEase":"easeOutBounce","scaleIn":false,"scaleInDurationFac":0.2,"scaleInEase":"linear","uniformScale":true,"scaleXStartMin":1,"scaleXStartMax":1,"scaleXEndMin":1,"scaleXEndMax":1,"scaleXEase":"linear","scaleYStartMin":1,"scaleYStartMax":1,"scaleYEndMin":1,"scaleYEndMax":1,"scaleYEase":"linear","scaleStartMin":0.6,"scaleStartMax":0.7,"scaleEndMin":0,"scaleEndMax":0,"scaleEase":"easeOutSine","childs":[],"spawn":{"onComplete":[],"onBounce":[],"onStart":[],"onHalfway":[]}},"childs":[]}],"sequences":[{"id":0,"name":"plasma-shield-hit","type":1,"delay":0,"scaleMin":1,"scaleMax":1,"effects":[{"id":0,"componentId":46,"componentType":2,"delay":0,"componentParams":{"animationSpeedMin":1,"animationSpeedMax":1,"anchorX":0.5,"anchorY":0.5,"loop":false},"scaleMin":1,"scaleMax":1,"alphaMin":1,"alphaMax":1,"blendMode":0,"duration":0.1,"tint":16777215,"containerId":"","triggerValue":""},{"id":1,"componentId":"fx-light01.png","componentType":0,"delay":0,"componentParams":{"animationSpeedMin":1,"animationSpeedMax":1,"anchorX":0.25,"anchorY":0.5,"loop":false},"scaleMin":0.8,"scaleMax":1,"alphaMin":0.4,"alphaMax":0.6,"blendMode":1,"duration":0.1,"tint":5566207,"containerId":"","triggerValue":""}],"__cid":4},{"id":1,"name":"fireworks-explode1","type":1,"delay":0,"scaleMin":1,"scaleMax":1,"effects":[{"id":0,"componentId":56,"componentType":2,"delay":0,"componentParams":{"animationSpeedMin":1,"animationSpeedMax":1,"anchorX":0.5,"anchorY":0.5,"loop":false},"scaleMin":1,"scaleMax":1,"alphaMin":1,"alphaMax":1,"blendMode":0,"duration":0.1,"tint":16777215,"containerId":"","triggerValue":""},{"id":1,"componentId":"fx-light01.png","componentType":0,"delay":0,"componentParams":{"animationSpeedMin":1,"animationSpeedMax":1,"anchorX":0.5,"anchorY":0.5,"loop":false},"scaleMin":0.7,"scaleMax":1,"alphaMin":0.21,"alphaMax":0.32,"blendMode":0,"duration":0.1,"tint":11337580,"containerId":"","triggerValue":""}],"__cid":2},{"id":2,"name":"fireworks-explode2","type":1,"delay":0,"scaleMin":1,"scaleMax":1,"effects":[{"id":0,"componentId":57,"componentType":2,"delay":0,"componentParams":{"animationSpeedMin":1,"animationSpeedMax":1,"anchorX":0.5,"anchorY":0.5,"loop":false},"scaleMin":1,"scaleMax":1,"alphaMin":1,"alphaMax":1,"blendMode":0,"duration":0.1,"tint":16777215,"containerId":"","triggerValue":""},{"id":1,"componentId":"fx-light01.png","componentType":0,"delay":0,"componentParams":{"animationSpeedMin":1,"animationSpeedMax":1,"anchorX":0.5,"anchorY":0.5,"loop":false},"scaleMin":0.43,"scaleMax":0.6,"alphaMin":0.4,"alphaMax":0.6,"blendMode":0,"duration":0.1,"tint":15925084,"containerId":"","triggerValue":""},{"id":2,"componentId":"fx-light01.png","componentType":0,"delay":0.2,"componentParams":{"animationSpeedMin":1,"animationSpeedMax":1,"anchorX":0.5,"anchorY":0.5,"loop":false},"scaleMin":1,"scaleMax":1.2,"alphaMin":0.11,"alphaMax":0.15,"blendMode":0,"duration":0.05,"tint":11009844,"containerId":"","triggerValue":""}],"__cid":3}],"__eid":58,"__sid":3,"__v":0,"__h":"80c6df7fb0d3d898f34ce0031c037fef"}