{"frames":{"fx-blood01.png":{"frame":{"x":183,"y":1937,"w":56,"h":60},"rotated":false,"trimmed":true,"spriteSourceSize":{"x":8,"y":7,"w":56,"h":60},"sourceSize":{"w":70,"h":72},"pivot":{"x":0.5,"y":0.5}},"fx-blood02.png":{"frame":{"x":932,"y":384,"w":90,"h":89},"rotated":false,"trimmed":false,"spriteSourceSize":{"x":0,"y":0,"w":90,"h":89},"sourceSize":{"w":90,"h":89},"pivot":{"x":0.5,"y":0.5}},"fx-blood03.png":{"frame":{"x":766,"y":895,"w":165,"h":161},"rotated":true,"trimmed":true,"spriteSourceSize":{"x":18,"y":23,"w":165,"h":161},"sourceSize":{"w":200,"h":211},"pivot":{"x":0.5,"y":0.5}},"fx-blood04.png":{"frame":{"x":183,"y":1139,"w":143,"h":128},"rotated":false,"trimmed":true,"spriteSourceSize":{"x":19,"y":11,"w":143,"h":128},"sourceSize":{"w":170,"h":161},"pivot":{"x":0.5,"y":0.5}},"fx-blood05.png":{"frame":{"x":709,"y":665,"w":125,"h":54},"rotated":true,"trimmed":true,"spriteSourceSize":{"x":10,"y":33,"w":125,"h":54},"sourceSize":{"w":143,"h":141},"pivot":{"x":0.5,"y":0.5}},"fx-blood06.png":{"frame":{"x":1001,"y":1352,"w":24,"h":21},"rotated":true,"trimmed":false,"spriteSourceSize":{"x":0,"y":0,"w":24,"h":21},"sourceSize":{"w":24,"h":21},"pivot":{"x":0.5,"y":0.5}},"fx-blood07.png":{"frame":{"x":702,"y":793,"w":169,"h":61},"rotated":true,"trimmed":true,"spriteSourceSize":{"x":5,"y":55,"w":169,"h":61},"sourceSize":{"w":178,"h":171},"pivot":{"x":0.5,"y":0.5}},"fx-blood08.png":{"frame":{"x":187,"y":868,"w":162,"h":97},"rotated":false,"trimmed":true,"spriteSourceSize":{"x":6,"y":24,"w":162,"h":97},"sourceSize":{"w":168,"h":168},"pivot":{"x":0.5,"y":0.5}},"fx-blood09.png":{"frame":{"x":848,"y":505,"w":242,"h":80},"rotated":true,"trimmed":true,"spriteSourceSize":{"x":0,"y":86,"w":242,"h":80},"sourceSize":{"w":247,"h":243},"pivot":{"x":0.5,"y":0.5}},"fx-blood10.png":{"frame":{"x":475,"y":1184,"w":141,"h":83},"rotated":false,"trimmed":true,"spriteSourceSize":{"x":9,"y":46,"w":141,"h":83},"sourceSize":{"w":160,"h":163},"pivot":{"x":0.5,"y":0.5}},"fx-blood11.png":{"frame":{"x":627,"y":1136,"w":136,"h":46},"rotated":false,"trimmed":true,"spriteSourceSize":{"x":0,"y":17,"w":136,"h":46},"sourceSize":{"w":138,"h":78},"pivot":{"x":0.5,"y":0.5}},"fx-cloud01.png":{"frame":{"x":766,"y":1063,"w":143,"h":135},"rotated":false,"trimmed":false,"spriteSourceSize":{"x":0,"y":0,"w":143,"h":135},"sourceSize":{"w":143,"h":135},"pivot":{"x":0.5,"y":0.5}},"fx-cloud02.png":{"frame":{"x":353,"y":540,"w":131,"h":123},"rotated":true,"trimmed":false,"spriteSourceSize":{"x":0,"y":0,"w":131,"h":123},"sourceSize":{"w":131,"h":123},"pivot":{"x":0.5,"y":0.5}},"fx-cloud03.png":{"frame":{"x":479,"y":869,"w":186,"h":164},"rotated":false,"trimmed":true,"spriteSourceSize":{"x":1,"y":0,"w":186,"h":164},"sourceSize":{"w":187,"h":164},"pivot":{"x":0.5,"y":0.5}},"fx-cloud04.png":{"frame":{"x":930,"y":779,"w":188,"h":92},"rotated":true,"trimmed":false,"spriteSourceSize":{"x":0,"y":0,"w":188,"h":92},"sourceSize":{"w":188,"h":92},"pivot":{"x":0.5,"y":0.5}},"fx-cloud05.png":{"frame":{"x":328,"y":1404,"w":106,"h":112},"rotated":true,"trimmed":false,"spriteSourceSize":{"x":0,"y":0,"w":106,"h":112},"sourceSize":{"w":106,"h":112},"pivot":{"x":0.5,"y":0.5}},"fx-cloud06.png":{"frame":{"x":848,"y":403,"w":99,"h":81},"rotated":true,"trimmed":true,"spriteSourceSize":{"x":0,"y":0,"w":99,"h":81},"sourceSize":{"w":102,"h":81},"pivot":{"x":0.5,"y":0.5}},"fx-debris01.png":{"frame":{"x":300,"y":1270,"w":25,"h":27},"rotated":false,"trimmed":false,"spriteSourceSize":{"x":0,"y":0,"w":25,"h":27},"sourceSize":{"w":25,"h":27},"pivot":{"x":0.5,"y":0.5}},"fx-debris02.png":{"frame":{"x":627,"y":1036,"w":19,"h":12},"rotated":false,"trimmed":false,"spriteSourceSize":{"x":0,"y":0,"w":19,"h":12},"sourceSize":{"w":19,"h":12},"pivot":{"x":0.5,"y":0.5}},"fx-debris03.png":{"frame":{"x":373,"y":519,"w":21,"h":16},"rotated":false,"trimmed":false,"spriteSourceSize":{"x":0,"y":0,"w":21,"h":16},"sourceSize":{"w":21,"h":16},"pivot":{"x":0.5,"y":0.5}},"fx-debris04.png":{"frame":{"x":912,"y":1082,"w":14,"h":14},"rotated":false,"trimmed":false,"spriteSourceSize":{"x":0,"y":0,"w":14,"h":14},"sourceSize":{"w":14,"h":14},"pivot":{"x":0.5,"y":0.5}},"fx-debris05.png":{"frame":{"x":668,"y":947,"w":19,"h":15},"rotated":false,"trimmed":false,"spriteSourceSize":{"x":0,"y":0,"w":19,"h":15},"sourceSize":{"w":19,"h":15},"pivot":{"x":0.5,"y":0.5}},"fx-debris06.png":{"frame":{"x":353,"y":519,"w":18,"h":17},"rotated":true,"trimmed":false,"spriteSourceSize":{"x":0,"y":0,"w":18,"h":17},"sourceSize":{"w":18,"h":17},"pivot":{"x":0.5,"y":0.5}},"fx-debris07.png":{"frame":{"x":649,"y":1036,"w":14,"h":11},"rotated":false,"trimmed":false,"spriteSourceSize":{"x":0,"y":0,"w":14,"h":11},"sourceSize":{"w":14,"h":11},"pivot":{"x":0.5,"y":0.5}},"fx-debris08.png":{"frame":{"x":912,"y":1063,"w":15,"h":16},"rotated":false,"trimmed":false,"spriteSourceSize":{"x":0,"y":0,"w":15,"h":16},"sourceSize":{"w":15,"h":16},"pivot":{"x":0.5,"y":0.5}},"fx-dot.png":{"frame":{"x":127,"y":1161,"w":49,"h":49},"rotated":false,"trimmed":true,"spriteSourceSize":{"x":1,"y":1,"w":49,"h":49},"sourceSize":{"w":51,"h":51},"pivot":{"x":0.5,"y":0.5}},"fx-flame01.png":{"frame":{"x":479,"y":665,"w":227,"h":71},"rotated":false,"trimmed":true,"spriteSourceSize":{"x":0,"y":0,"w":227,"h":71},"sourceSize":{"w":228,"h":72},"pivot":{"x":0.5,"y":0.5}},"fx-flame02.png":{"frame":{"x":766,"y":551,"w":187,"h":79},"rotated":true,"trimmed":false,"spriteSourceSize":{"x":0,"y":0,"w":187,"h":79},"sourceSize":{"w":187,"h":79},"pivot":{"x":0.5,"y":0.5}},"fx-flame03.png":{"frame":{"x":619,"y":1185,"w":138,"h":77},"rotated":false,"trimmed":true,"spriteSourceSize":{"x":0,"y":0,"w":138,"h":77},"sourceSize":{"w":138,"h":80},"pivot":{"x":0.5,"y":0.5}},"fx-light01.png":{"frame":{"x":2,"y":519,"w":348,"h":346},"rotated":false,"trimmed":true,"spriteSourceSize":{"x":13,"y":15,"w":348,"h":346},"sourceSize":{"w":376,"h":376},"pivot":{"x":0.5,"y":0.5}},"fx-light02.png":{"frame":{"x":329,"y":1139,"w":142,"h":14},"rotated":true,"trimmed":true,"spriteSourceSize":{"x":5,"y":73,"w":142,"h":14},"sourceSize":{"w":152,"h":152},"pivot":{"x":0.5,"y":0.5}},"fx-light03.png":{"frame":{"x":760,"y":1201,"w":133,"h":79},"rotated":false,"trimmed":false,"spriteSourceSize":{"x":0,"y":0,"w":133,"h":79},"sourceSize":{"w":133,"h":79},"pivot":{"x":0.5,"y":0.5}},"fx-light04.png":{"frame":{"x":932,"y":2,"w":90,"h":175},"rotated":false,"trimmed":true,"spriteSourceSize":{"x":0,"y":1,"w":90,"h":175},"sourceSize":{"w":91,"h":177},"pivot":{"x":0.5,"y":0.5}},"fx-light05.png":{"frame":{"x":479,"y":739,"w":220,"h":127},"rotated":false,"trimmed":true,"spriteSourceSize":{"x":0,"y":1,"w":220,"h":127},"sourceSize":{"w":220,"h":128},"pivot":{"x":0.5,"y":0.5}},"fx-light06.png":{"frame":{"x":2,"y":868,"w":182,"h":119},"rotated":false,"trimmed":true,"spriteSourceSize":{"x":28,"y":63,"w":182,"h":119},"sourceSize":{"w":228,"h":229},"pivot":{"x":0.5,"y":0.5}},"fx-light07.png":{"frame":{"x":479,"y":403,"w":366,"h":145},"rotated":false,"trimmed":true,"spriteSourceSize":{"x":0,"y":105,"w":366,"h":145},"sourceSize":{"w":373,"h":336},"pivot":{"x":0.5,"y":0.5}},"fx-light08.png":{"frame":{"x":187,"y":968,"w":159,"h":168},"rotated":false,"trimmed":false,"spriteSourceSize":{"x":0,"y":0,"w":159,"h":168},"sourceSize":{"w":159,"h":168},"pivot":{"x":0.5,"y":0.5}},"fx-light09.png":{"frame":{"x":2,"y":990,"w":168,"h":178},"rotated":true,"trimmed":false,"spriteSourceSize":{"x":0,"y":0,"w":168,"h":178},"sourceSize":{"w":168,"h":178},"pivot":{"x":0.5,"y":0.5}},"fx-light10.png":{"frame":{"x":479,"y":551,"w":284,"h":111},"rotated":false,"trimmed":true,"spriteSourceSize":{"x":0,"y":0,"w":284,"h":111},"sourceSize":{"w":284,"h":143},"pivot":{"x":0.5,"y":0.5}},"fx-lightning01.png":{"frame":{"x":2,"y":2,"w":474,"h":262},"rotated":false,"trimmed":true,"spriteSourceSize":{"x":0,"y":14,"w":474,"h":262},"sourceSize":{"w":486,"h":276},"pivot":{"x":0.5,"y":0.5}},"fx-lightning02.png":{"frame":{"x":2,"y":267,"w":395,"h":249},"rotated":false,"trimmed":true,"spriteSourceSize":{"x":0,"y":0,"w":395,"h":249},"sourceSize":{"w":410,"h":264},"pivot":{"x":0.5,"y":0.5}},"fx-lightning03.png":{"frame":{"x":479,"y":2,"w":450,"h":398},"rotated":false,"trimmed":true,"spriteSourceSize":{"x":3,"y":17,"w":450,"h":398},"sourceSize":{"w":453,"h":415},"pivot":{"x":0.5,"y":0.5}},"fx-rain01.png":{"frame":{"x":400,"y":419,"w":76,"h":23},"rotated":false,"trimmed":true,"spriteSourceSize":{"x":13,"y":1,"w":76,"h":23},"sourceSize":{"w":90,"h":24},"pivot":{"x":0.5,"y":0.5}},"fx-shield01.png":{"frame":{"x":479,"y":1036,"w":145,"h":145},"rotated":false,"trimmed":false,"spriteSourceSize":{"x":0,"y":0,"w":145,"h":145},"sourceSize":{"w":145,"h":145},"pivot":{"x":0.5,"y":0.5}},"fx-shield02.png":{"frame":{"x":400,"y":267,"w":76,"h":149},"rotated":false,"trimmed":true,"spriteSourceSize":{"x":2,"y":0,"w":76,"h":149},"sourceSize":{"w":78,"h":149},"pivot":{"x":0.5,"y":0.5}},"fx-spark01.png":{"frame":{"x":122,"y":1943,"w":58,"h":60},"rotated":false,"trimmed":true,"spriteSourceSize":{"x":20,"y":14,"w":58,"h":60},"sourceSize":{"w":99,"h":84},"pivot":{"x":0.5,"y":0.5}},"fx-spark02.png":{"frame":{"x":2,"y":1974,"w":63,"h":56},"rotated":true,"trimmed":false,"spriteSourceSize":{"x":0,"y":0,"w":63,"h":56},"sourceSize":{"w":63,"h":56},"pivot":{"x":0.5,"y":0.5}},"fx-spark03.png":{"frame":{"x":980,"y":1506,"w":73,"h":39},"rotated":true,"trimmed":true,"spriteSourceSize":{"x":0,"y":0,"w":73,"h":39},"sourceSize":{"w":73,"h":40},"pivot":{"x":0.5,"y":0.5}},"fx-spark04.png":{"frame":{"x":896,"y":1201,"w":21,"h":6},"rotated":true,"trimmed":false,"spriteSourceSize":{"x":0,"y":0,"w":21,"h":6},"sourceSize":{"w":21,"h":6},"pivot":{"x":0.5,"y":0.5}},"fx-star.png":{"frame":{"x":2,"y":1907,"w":64,"h":65},"rotated":true,"trimmed":true,"spriteSourceSize":{"x":3,"y":3,"w":64,"h":65},"sourceSize":{"w":70,"h":71},"pivot":{"x":0.5,"y":0.5}},"fx-stone01.png":{"frame":{"x":1001,"y":1379,"w":20,"h":23},"rotated":false,"trimmed":false,"spriteSourceSize":{"x":0,"y":0,"w":20,"h":23},"sourceSize":{"w":20,"h":23},"pivot":{"x":0.5,"y":0.5}},"fx-stone02.png":{"frame":{"x":668,"y":910,"w":31,"h":34},"rotated":false,"trimmed":true,"spriteSourceSize":{"x":0,"y":1,"w":31,"h":34},"sourceSize":{"w":32,"h":37},"pivot":{"x":0.5,"y":0.5}},"fx-stone03.png":{"frame":{"x":668,"y":869,"w":31,"h":38},"rotated":false,"trimmed":true,"spriteSourceSize":{"x":4,"y":3,"w":31,"h":38},"sourceSize":{"w":43,"h":43},"pivot":{"x":0.5,"y":0.5}},"fx-stone04.png":{"frame":{"x":980,"y":1460,"w":42,"h":43},"rotated":false,"trimmed":true,"spriteSourceSize":{"x":1,"y":3,"w":42,"h":43},"sourceSize":{"w":52,"h":52},"pivot":{"x":0.5,"y":0.5}},"fx-stone05.png":{"frame":{"x":127,"y":1293,"w":35,"h":29},"rotated":false,"trimmed":true,"spriteSourceSize":{"x":2,"y":4,"w":35,"h":29},"sourceSize":{"w":40,"h":37},"pivot":{"x":0.5,"y":0.5}},"fx-stone06.png":{"frame":{"x":127,"y":1260,"w":46,"h":30},"rotated":false,"trimmed":true,"spriteSourceSize":{"x":2,"y":7,"w":46,"h":30},"sourceSize":{"w":51,"h":43},"pivot":{"x":0.5,"y":0.5}},"mc_fx-explo-sparky_001.png":{"frame":{"x":300,"y":1300,"w":22,"h":22},"rotated":false,"trimmed":true,"spriteSourceSize":{"x":51,"y":35,"w":22,"h":22},"sourceSize":{"w":128,"h":96},"pivot":{"x":0.5,"y":0.5}},"mc_fx-explo-sparky_002.png":{"frame":{"x":112,"y":1787,"w":87,"h":87},"rotated":false,"trimmed":true,"spriteSourceSize":{"x":19,"y":3,"w":87,"h":87},"sourceSize":{"w":128,"h":96},"pivot":{"x":0.5,"y":0.5}},"mc_fx-explo-sparky_003.png":{"frame":{"x":242,"y":1388,"w":83,"h":85},"rotated":false,"trimmed":true,"spriteSourceSize":{"x":20,"y":2,"w":83,"h":85},"sourceSize":{"w":128,"h":96},"pivot":{"x":0.5,"y":0.5}},"mc_fx-explo-sparky_004.png":{"frame":{"x":202,"y":1850,"w":85,"h":84},"rotated":false,"trimmed":true,"spriteSourceSize":{"x":19,"y":3,"w":85,"h":84},"sourceSize":{"w":128,"h":96},"pivot":{"x":0.5,"y":0.5}},"mc_fx-explo-sparky_005.png":{"frame":{"x":932,"y":476,"w":89,"h":89},"rotated":false,"trimmed":true,"spriteSourceSize":{"x":17,"y":1,"w":89,"h":89},"sourceSize":{"w":128,"h":96},"pivot":{"x":0.5,"y":0.5}},"mc_fx-explo-sparky_006.png":{"frame":{"x":2,"y":1819,"w":86,"h":85},"rotated":false,"trimmed":true,"spriteSourceSize":{"x":17,"y":2,"w":86,"h":85},"sourceSize":{"w":128,"h":96},"pivot":{"x":0.5,"y":0.5}},"mc_fx-explo-sparky_007.png":{"frame":{"x":319,"y":1770,"w":86,"h":91},"rotated":true,"trimmed":true,"spriteSourceSize":{"x":15,"y":0,"w":86,"h":91},"sourceSize":{"w":128,"h":96},"pivot":{"x":0.5,"y":0.5}},"mc_fx-explo-sparky_008.png":{"frame":{"x":668,"y":965,"w":83,"h":95},"rotated":true,"trimmed":true,"spriteSourceSize":{"x":14,"y":0,"w":83,"h":95},"sourceSize":{"w":128,"h":96},"pivot":{"x":0.5,"y":0.5}},"mc_fx-explo-sparky_009.png":{"frame":{"x":319,"y":1696,"w":71,"h":92},"rotated":true,"trimmed":true,"spriteSourceSize":{"x":29,"y":4,"w":71,"h":92},"sourceSize":{"w":128,"h":96},"pivot":{"x":0.5,"y":0.5}},"mc_fx-explo-sparky_010.png":{"frame":{"x":400,"y":445,"w":73,"h":92},"rotated":false,"trimmed":true,"spriteSourceSize":{"x":29,"y":4,"w":73,"h":92},"sourceSize":{"w":128,"h":96},"pivot":{"x":0.5,"y":0.5}},"mc_fx-explo-sparky_011.png":{"frame":{"x":930,"y":970,"w":73,"h":92},"rotated":true,"trimmed":true,"spriteSourceSize":{"x":29,"y":4,"w":73,"h":92},"sourceSize":{"w":128,"h":96},"pivot":{"x":0.5,"y":0.5}},"mc_fx-explo-sparky_012.png":{"frame":{"x":930,"y":1046,"w":73,"h":92},"rotated":true,"trimmed":true,"spriteSourceSize":{"x":29,"y":4,"w":73,"h":92},"sourceSize":{"w":128,"h":96},"pivot":{"x":0.5,"y":0.5}},"mc_fx-explo-sparky_013.png":{"frame":{"x":322,"y":1620,"w":73,"h":92},"rotated":true,"trimmed":true,"spriteSourceSize":{"x":29,"y":4,"w":73,"h":92},"sourceSize":{"w":128,"h":96},"pivot":{"x":0.5,"y":0.5}},"mc_fx-explo-sparky_014.png":{"frame":{"x":224,"y":1628,"w":72,"h":92},"rotated":true,"trimmed":true,"spriteSourceSize":{"x":30,"y":4,"w":72,"h":92},"sourceSize":{"w":128,"h":96},"pivot":{"x":0.5,"y":0.5}},"mc_fx-explo-sparky_015.png":{"frame":{"x":224,"y":1703,"w":71,"h":92},"rotated":true,"trimmed":true,"spriteSourceSize":{"x":30,"y":4,"w":71,"h":92},"sourceSize":{"w":128,"h":96},"pivot":{"x":0.5,"y":0.5}},"mc_fx-explo-sparky_016.png":{"frame":{"x":112,"y":1713,"w":71,"h":92},"rotated":true,"trimmed":true,"spriteSourceSize":{"x":30,"y":4,"w":71,"h":92},"sourceSize":{"w":128,"h":96},"pivot":{"x":0.5,"y":0.5}},"mc_fx-explo-sparky_017.png":{"frame":{"x":545,"y":1687,"w":69,"h":92},"rotated":true,"trimmed":true,"spriteSourceSize":{"x":32,"y":4,"w":69,"h":92},"sourceSize":{"w":128,"h":96},"pivot":{"x":0.5,"y":0.5}},"mc_fx-explo-sparky_018.png":{"frame":{"x":207,"y":1777,"w":70,"h":91},"rotated":true,"trimmed":true,"spriteSourceSize":{"x":31,"y":5,"w":70,"h":91},"sourceSize":{"w":128,"h":96},"pivot":{"x":0.5,"y":0.5}},"mc_fx-explo-sparky_019.png":{"frame":{"x":663,"y":1627,"w":71,"h":92},"rotated":true,"trimmed":true,"spriteSourceSize":{"x":31,"y":4,"w":71,"h":92},"sourceSize":{"w":128,"h":96},"pivot":{"x":0.5,"y":0.5}},"mc_fx-explo-sparky_020.png":{"frame":{"x":226,"y":1556,"w":69,"h":93},"rotated":true,"trimmed":true,"spriteSourceSize":{"x":32,"y":3,"w":69,"h":93},"sourceSize":{"w":128,"h":96},"pivot":{"x":0.5,"y":0.5}},"mc_fx-explo2_001.png":{"frame":{"x":127,"y":1213,"w":44,"h":47},"rotated":true,"trimmed":true,"spriteSourceSize":{"x":42,"y":42,"w":44,"h":47},"sourceSize":{"w":128,"h":128},"pivot":{"x":0.5,"y":0.5}},"mc_fx-explo2_002.png":{"frame":{"x":61,"y":1974,"w":61,"h":58},"rotated":true,"trimmed":true,"spriteSourceSize":{"x":27,"y":37,"w":61,"h":58},"sourceSize":{"w":128,"h":128},"pivot":{"x":0.5,"y":0.5}},"mc_fx-explo2_003.png":{"frame":{"x":242,"y":1476,"w":83,"h":77},"rotated":false,"trimmed":true,"spriteSourceSize":{"x":15,"y":29,"w":83,"h":77},"sourceSize":{"w":128,"h":128},"pivot":{"x":0.5,"y":0.5}},"mc_fx-explo2_004.png":{"frame":{"x":931,"y":677,"w":99,"h":91},"rotated":true,"trimmed":true,"spriteSourceSize":{"x":10,"y":20,"w":99,"h":91},"sourceSize":{"w":128,"h":128},"pivot":{"x":0.5,"y":0.5}},"mc_fx-explo2_005.png":{"frame":{"x":921,"y":1582,"w":105,"h":101},"rotated":true,"trimmed":true,"spriteSourceSize":{"x":7,"y":17,"w":105,"h":101},"sourceSize":{"w":128,"h":128},"pivot":{"x":0.5,"y":0.5}},"mc_fx-explo2_006.png":{"frame":{"x":2,"y":1390,"w":109,"h":105},"rotated":false,"trimmed":true,"spriteSourceSize":{"x":3,"y":16,"w":109,"h":105},"sourceSize":{"w":128,"h":128},"pivot":{"x":0.5,"y":0.5}},"mc_fx-explo2_007.png":{"frame":{"x":570,"y":1473,"w":116,"h":105},"rotated":false,"trimmed":true,"spriteSourceSize":{"x":0,"y":16,"w":116,"h":105},"sourceSize":{"w":128,"h":128},"pivot":{"x":0.5,"y":0.5}},"mc_fx-explo2_008.png":{"frame":{"x":912,"y":1122,"w":118,"h":110},"rotated":true,"trimmed":true,"spriteSourceSize":{"x":1,"y":14,"w":118,"h":110},"sourceSize":{"w":128,"h":128},"pivot":{"x":0.5,"y":0.5}},"mc_fx-explo2_009.png":{"frame":{"x":176,"y":1270,"w":121,"h":115},"rotated":false,"trimmed":true,"spriteSourceSize":{"x":0,"y":11,"w":121,"h":115},"sourceSize":{"w":128,"h":128},"pivot":{"x":0.5,"y":0.5}},"mc_fx-explo2_010.png":{"frame":{"x":352,"y":924,"w":124,"h":119},"rotated":false,"trimmed":true,"spriteSourceSize":{"x":0,"y":9,"w":124,"h":119},"sourceSize":{"w":128,"h":128},"pivot":{"x":0.5,"y":0.5}},"mc_fx-explo2_011.png":{"frame":{"x":346,"y":1169,"w":126,"h":121},"rotated":false,"trimmed":true,"spriteSourceSize":{"x":0,"y":7,"w":126,"h":121},"sourceSize":{"w":128,"h":128},"pivot":{"x":0.5,"y":0.5}},"mc_fx-explo2_012.png":{"frame":{"x":349,"y":1046,"w":127,"h":120},"rotated":false,"trimmed":true,"spriteSourceSize":{"x":0,"y":5,"w":127,"h":120},"sourceSize":{"w":128,"h":128},"pivot":{"x":0.5,"y":0.5}},"mc_fx-explo2_013.png":{"frame":{"x":353,"y":674,"w":128,"h":123},"rotated":true,"trimmed":true,"spriteSourceSize":{"x":0,"y":4,"w":128,"h":123},"sourceSize":{"w":128,"h":128},"pivot":{"x":0.5,"y":0.5}},"mc_fx-explo2_014.png":{"frame":{"x":475,"y":1270,"w":115,"h":125},"rotated":true,"trimmed":true,"spriteSourceSize":{"x":2,"y":3,"w":115,"h":125},"sourceSize":{"w":128,"h":128},"pivot":{"x":0.5,"y":0.5}},"mc_fx-explo2_015.png":{"frame":{"x":127,"y":1388,"w":109,"h":112},"rotated":true,"trimmed":true,"spriteSourceSize":{"x":2,"y":16,"w":109,"h":112},"sourceSize":{"w":128,"h":128},"pivot":{"x":0.5,"y":0.5}},"mc_fx-explo2_016.png":{"frame":{"x":2,"y":1498,"w":109,"h":104},"rotated":false,"trimmed":true,"spriteSourceSize":{"x":2,"y":16,"w":109,"h":104},"sourceSize":{"w":128,"h":128},"pivot":{"x":0.5,"y":0.5}},"mc_fx-explo2_017.png":{"frame":{"x":443,"y":1503,"w":109,"h":104},"rotated":false,"trimmed":true,"spriteSourceSize":{"x":2,"y":16,"w":109,"h":104},"sourceSize":{"w":128,"h":128},"pivot":{"x":0.5,"y":0.5}},"mc_fx-explo2_018.png":{"frame":{"x":328,"y":1513,"w":109,"h":104},"rotated":false,"trimmed":true,"spriteSourceSize":{"x":2,"y":16,"w":109,"h":104},"sourceSize":{"w":128,"h":128},"pivot":{"x":0.5,"y":0.5}},"mc_fx-explo2_019.png":{"frame":{"x":114,"y":1500,"w":109,"h":104},"rotated":false,"trimmed":true,"spriteSourceSize":{"x":2,"y":16,"w":109,"h":104},"sourceSize":{"w":128,"h":128},"pivot":{"x":0.5,"y":0.5}},"mc_fx-explo2_020.png":{"frame":{"x":2,"y":1605,"w":108,"h":104},"rotated":false,"trimmed":true,"spriteSourceSize":{"x":2,"y":15,"w":108,"h":104},"sourceSize":{"w":128,"h":128},"pivot":{"x":0.5,"y":0.5}},"mc_fx-explo2_021.png":{"frame":{"x":2,"y":1712,"w":107,"h":104},"rotated":false,"trimmed":true,"spriteSourceSize":{"x":3,"y":15,"w":107,"h":104},"sourceSize":{"w":128,"h":128},"pivot":{"x":0.5,"y":0.5}},"mc_fx-explo2_022.png":{"frame":{"x":555,"y":1581,"w":105,"h":103},"rotated":false,"trimmed":true,"spriteSourceSize":{"x":3,"y":14,"w":105,"h":103},"sourceSize":{"w":128,"h":128},"pivot":{"x":0.5,"y":0.5}},"mc_fx-explo2_023.png":{"frame":{"x":440,"y":1610,"w":102,"h":100},"rotated":false,"trimmed":true,"spriteSourceSize":{"x":4,"y":15,"w":102,"h":100},"sourceSize":{"w":128,"h":128},"pivot":{"x":0.5,"y":0.5}},"mc_fx-explo2_024.png":{"frame":{"x":932,"y":285,"w":96,"h":90},"rotated":true,"trimmed":true,"spriteSourceSize":{"x":7,"y":19,"w":96,"h":90},"sourceSize":{"w":128,"h":128},"pivot":{"x":0.5,"y":0.5}},"mc_fx-explo_0002.png":{"frame":{"x":91,"y":1877,"w":63,"h":73},"rotated":true,"trimmed":true,"spriteSourceSize":{"x":22,"y":38,"w":63,"h":73},"sourceSize":{"w":128,"h":128},"pivot":{"x":0.5,"y":0.5}},"mc_fx-explo_0003.png":{"frame":{"x":932,"y":180,"w":90,"h":102},"rotated":false,"trimmed":true,"spriteSourceSize":{"x":6,"y":23,"w":90,"h":102},"sourceSize":{"w":128,"h":128},"pivot":{"x":0.5,"y":0.5}},"mc_fx-explo_0004.png":{"frame":{"x":113,"y":1607,"w":103,"h":108},"rotated":true,"trimmed":true,"spriteSourceSize":{"x":1,"y":17,"w":103,"h":108},"sourceSize":{"w":128,"h":128},"pivot":{"x":0.5,"y":0.5}},"mc_fx-explo_0005.png":{"frame":{"x":806,"y":1575,"w":111,"h":112},"rotated":true,"trimmed":true,"spriteSourceSize":{"x":1,"y":13,"w":111,"h":112},"sourceSize":{"w":128,"h":128},"pivot":{"x":0.5,"y":0.5}},"mc_fx-explo_0006.png":{"frame":{"x":689,"y":1512,"w":112,"h":114},"rotated":true,"trimmed":true,"spriteSourceSize":{"x":0,"y":11,"w":112,"h":114},"sourceSize":{"w":128,"h":128},"pivot":{"x":0.5,"y":0.5}},"mc_fx-explo_0007.png":{"frame":{"x":451,"y":1388,"w":112,"h":116},"rotated":true,"trimmed":true,"spriteSourceSize":{"x":0,"y":11,"w":112,"h":116},"sourceSize":{"w":128,"h":128},"pivot":{"x":0.5,"y":0.5}},"mc_fx-explo_0008.png":{"frame":{"x":855,"y":1460,"w":112,"h":122},"rotated":true,"trimmed":true,"spriteSourceSize":{"x":0,"y":6,"w":112,"h":122},"sourceSize":{"w":128,"h":128},"pivot":{"x":0.5,"y":0.5}},"mc_fx-explo_0009.png":{"frame":{"x":2,"y":1276,"w":111,"h":122},"rotated":true,"trimmed":true,"spriteSourceSize":{"x":0,"y":5,"w":111,"h":122},"sourceSize":{"w":128,"h":128},"pivot":{"x":0.5,"y":0.5}},"mc_fx-explo_0010.png":{"frame":{"x":328,"y":1293,"w":108,"h":120},"rotated":true,"trimmed":true,"spriteSourceSize":{"x":0,"y":8,"w":108,"h":120},"sourceSize":{"w":128,"h":128},"pivot":{"x":0.5,"y":0.5}},"mc_fx-explo_0011.png":{"frame":{"x":2,"y":1161,"w":112,"h":122},"rotated":true,"trimmed":true,"spriteSourceSize":{"x":0,"y":6,"w":112,"h":122},"sourceSize":{"w":128,"h":128},"pivot":{"x":0.5,"y":0.5}},"mc_fx-explo_0012.png":{"frame":{"x":353,"y":805,"w":116,"h":123},"rotated":true,"trimmed":true,"spriteSourceSize":{"x":0,"y":5,"w":116,"h":123},"sourceSize":{"w":128,"h":128},"pivot":{"x":0.5,"y":0.5}},"mc_fx-explo_0013.png":{"frame":{"x":730,"y":1392,"w":117,"h":122},"rotated":true,"trimmed":true,"spriteSourceSize":{"x":0,"y":4,"w":117,"h":122},"sourceSize":{"w":128,"h":128},"pivot":{"x":0.5,"y":0.5}},"mc_fx-explo_0014.png":{"frame":{"x":875,"y":1352,"w":105,"h":123},"rotated":true,"trimmed":true,"spriteSourceSize":{"x":0,"y":3,"w":105,"h":123},"sourceSize":{"w":128,"h":128},"pivot":{"x":0.5,"y":0.5}},"mc_fx-explo_0015.png":{"frame":{"x":748,"y":1283,"w":106,"h":124},"rotated":true,"trimmed":true,"spriteSourceSize":{"x":0,"y":3,"w":106,"h":124},"sourceSize":{"w":128,"h":128},"pivot":{"x":0.5,"y":0.5}},"mc_fx-explo_0016.png":{"frame":{"x":896,"y":1243,"w":106,"h":126},"rotated":true,"trimmed":true,"spriteSourceSize":{"x":0,"y":2,"w":106,"h":126},"sourceSize":{"w":128,"h":128},"pivot":{"x":0.5,"y":0.5}},"mc_fx-explo_0017.png":{"frame":{"x":619,"y":1265,"w":105,"h":126},"rotated":true,"trimmed":true,"spriteSourceSize":{"x":0,"y":2,"w":105,"h":126},"sourceSize":{"w":128,"h":128},"pivot":{"x":0.5,"y":0.5}},"mc_fx-explo_0018.png":{"frame":{"x":603,"y":1373,"w":97,"h":124},"rotated":true,"trimmed":true,"spriteSourceSize":{"x":0,"y":4,"w":97,"h":124},"sourceSize":{"w":128,"h":128},"pivot":{"x":0.5,"y":0.5}},"mc_fx-explo_0019.png":{"frame":{"x":931,"y":568,"w":91,"h":106},"rotated":false,"trimmed":true,"spriteSourceSize":{"x":6,"y":21,"w":91,"h":106},"sourceSize":{"w":128,"h":128},"pivot":{"x":0.5,"y":0.5}},"mc_fx-explo_0020.png":{"frame":{"x":414,"y":1713,"w":87,"h":91},"rotated":true,"trimmed":true,"spriteSourceSize":{"x":10,"y":21,"w":87,"h":91},"sourceSize":{"w":128,"h":128},"pivot":{"x":0.5,"y":0.5}},"mc_fx-impact_01.png":{"frame":{"x":766,"y":741,"w":149,"h":79},"rotated":true,"trimmed":true,"spriteSourceSize":{"x":0,"y":2,"w":149,"h":79},"sourceSize":{"w":149,"h":82},"pivot":{"x":0.5,"y":0.5}},"mc_fx-impact_02.png":{"frame":{"x":627,"y":1051,"w":136,"h":82},"rotated":false,"trimmed":true,"spriteSourceSize":{"x":2,"y":0,"w":136,"h":82},"sourceSize":{"w":149,"h":82},"pivot":{"x":0.5,"y":0.5}},"mc_fx-impact_03.png":{"frame":{"x":848,"y":750,"w":142,"h":79},"rotated":true,"trimmed":true,"spriteSourceSize":{"x":2,"y":0,"w":142,"h":79},"sourceSize":{"w":149,"h":82},"pivot":{"x":0.5,"y":0.5}}},"meta":{"app":"https://www.codeandweb.com/texturepacker","version":"1.0","image":"revoltfx-spritesheet.png","format":"RGBA8888","size":{"w":1024,"h":2048},"scale":"1","smartupdate":"$TexturePacker:SmartUpdate:9551db7fc73d175f065bb955957dfd62:f50a8a28810688e772138b2b23562b0e:5252c097955c428b756dfc627b51ea1b$"}}